HARGA,LT,LB,JKT,JKM,GRS,KOTA
"28,000,000,000",1100,700,5,6,ADA,JAKSEL
"19,000,000,000",824,800,4,4,ADA,JAKSEL
"4,700,000,000",500,400,4,3,ADA,JAKSEL
"4,900,000,000",251,300,5,4,ADA,JAKSEL
"28,000,000,000",1340,575,4,5,ADA,JAKSEL
"10,000,000,000",460,300,4,4,ADA,JAKSEL
"7,600,000,000",278,350,4,4,ADA,JAKSEL
"5,250,000,000",511,300,3,2,ADA,JAKSEL
"670,000,000",70,69,3,2,TIDAK ADA,JAKSEL
"480,000,000",66,42,2,1,TIDAK ADA,JAKSEL
"10,700,000,000",449,500,6,7,ADA,JAKSEL
"4,200,000,000",109,188,2,3,ADA,JAKSEL
"8,500,000,000",320,250,4,4,ADA,JAKSEL
"7,000,000,000",384,400,4,4,ADA,JAKSEL
"20,000,000,000",462,645,5,6,ADA,JAKSEL
"9,500,000,000",212,300,4,4,ADA,JAKSEL
"13,400,000,000",342,450,5,4,ADA,JAKSEL
"11,000,000,000",410,700,4,4,ADA,JAKSEL
"5,800,000,000",144,285,4,3,ADA,JAKSEL
"35,000,000,000",985,400,4,3,ADA,JAKSEL
"14,000,000,000",780,500,3,4,ADA,JAKSEL
"5,000,000,000",217,450,4,4,ADA,JAKSEL
"40,000,000,000",1500,700,4,4,ADA,JAKSEL
"7,250,000,000",210,300,4,3,ADA,JAKSEL
"5,200,000,000",110,200,3,3,ADA,JAKSEL
"25,000,000,000",760,650,4,4,ADA,JAKSEL
"5,680,000,000",151,245,3,3,ADA,JAKSEL
"10,500,000,000",220,350,4,3,ADA,JAKSEL
"7,050,000,000",128,315,3,3,ADA,JAKSEL
"9,300,000,000",235,270,3,3,TIDAK ADA,JAKSEL
"6,500,000,000",100,250,4,3,ADA,JAKSEL
"68,000,000,000",470,1000,5,5,ADA,JAKSEL
"3,000,000,000",75,150,4,2,ADA,JAKSEL
"85,000,000,000",770,500,4,4,ADA,JAKSEL
"19,500,000,000",610,1000,6,5,ADA,JAKSEL
"20,900,000,000",754,500,4,4,ADA,JAKSEL
"15,500,000,000",440,350,4,3,ADA,JAKSEL
"14,000,000,000",410,800,4,4,ADA,JAKSEL
"39,000,000,000",973,1100,4,3,ADA,JAKSEL
"8,000,000,000",251,320,4,4,ADA,JAKSEL
"20,000,000,000",780,600,4,4,ADA,JAKSEL
"17,500,000,000",954,600,4,3,ADA,JAKSEL
"34,000,000,000",1186,900,6,5,ADA,JAKSEL
"7,500,000,000",186,380,4,4,ADA,JAKSEL
"18,500,000,000",358,500,4,5,ADA,JAKSEL
"5,000,000,000",217,200,4,3,ADA,JAKSEL
"16,000,000,000",535,600,4,4,ADA,JAKSEL
"13,000,000,000",330,500,3,3,ADA,JAKSEL
"8,000,000,000",250,320,4,3,ADA,JAKSEL
"17,500,000,000",477,530,4,4,ADA,JAKSEL
"10,500,000,000",282,450,4,4,ADA,JAKSEL
"35,500,000,000",1312,850,5,4,ADA,JAKSEL
"16,000,000,000",860,500,4,4,ADA,JAKSEL
"11,700,000,000",246,347,4,3,ADA,JAKSEL
"18,500,000,000",443,450,4,3,ADA,JAKSEL
"17,500,000,000",389,400,4,3,ADA,JAKSEL
"6,500,000,000",300,450,4,3,ADA,JAKSEL
"18,500,000,000",433,600,4,4,ADA,JAKSEL
"25,000,000,000",987,400,4,3,ADA,JAKSEL
"23,000,000,000",817,500,6,4,ADA,JAKSEL
"12,990,000,000",876,428,5,4,ADA,JAKSEL
"15,000,000,000",887,300,3,2,ADA,JAKSEL
"13,000,000,000",384,425,5,4,ADA,JAKSEL
"33,000,000,000",458,400,4,4,ADA,JAKSEL
"9,500,000,000",200,235,3,3,ADA,JAKSEL
"5,750,000,000",144,285,4,4,ADA,JAKSEL
"19,000,000,000",358,600,4,5,TIDAK ADA,JAKSEL
"19,000,000,000",550,480,4,4,ADA,JAKSEL
"21,500,000,000",950,300,5,4,ADA,JAKSEL
"5,200,000,000",164,140,3,3,ADA,JAKSEL
"14,000,000,000",460,400,4,3,ADA,JAKSEL
"55,000,000,000",1487,1200,6,4,ADA,JAKSEL
"6,250,000,000",158,400,4,2,ADA,JAKSEL
"29,000,000,000",1186,800,9,8,ADA,JAKSEL
"8,000,000,000",323,317,5,4,ADA,JAKSEL
"8,500,000,000",502,250,4,4,ADA,JAKSEL
"18,000,000,000",916,147,5,7,ADA,JAKSEL
"4,500,000,000",109,188,2,3,ADA,JAKSEL
"10,000,000,000",395,450,5,5,ADA,JAKSEL
"4,250,000,000",152,275,3,3,ADA,JAKSEL
"4,500,000,000",138,250,5,4,TIDAK ADA,JAKSEL
"2,800,000,000",100,150,3,3,TIDAK ADA,JAKSEL
"15,000,000,000",2010,800,4,3,ADA,JAKSEL
"7,800,000,000",188,367,3,3,ADA,JAKSEL
"21,000,000,000",500,525,4,5,ADA,JAKSEL
"38,000,000,000",1229,800,4,4,ADA,JAKSEL
"29,950,000,000",1000,600,4,4,ADA,JAKSEL
"7,500,000,000",350,350,6,6,TIDAK ADA,JAKSEL
"25,000,000,000",987,400,4,3,TIDAK ADA,JAKSEL
"36,000,000,000",626,500,5,3,ADA,JAKSEL
"20,000,000,000",472,650,6,5,TIDAK ADA,JAKSEL
"29,000,000,000",1186,600,8,9,TIDAK ADA,JAKSEL
"5,500,000,000",234,115,2,2,ADA,JAKSEL
"16,590,000,000",405,495,4,4,ADA,JAKSEL
"33,500,000,000",1000,800,5,6,TIDAK ADA,JAKSEL
"21,000,000,000",802,904,4,3,ADA,JAKSEL
"7,720,000,000",125,298,4,4,ADA,JAKSEL
"22,000,000,000",1019,650,4,3,ADA,JAKSEL
"18,500,000,000",180,600,4,4,ADA,JAKSEL
"16,500,000,000",933,600,5,5,ADA,JAKSEL
"11,980,000,000",241,572,4,5,ADA,JAKSEL
"8,500,000,000",250,250,4,4,ADA,JAKSEL
"7,700,000,000",190,350,3,2,ADA,JAKSEL
"4,200,000,000",270,300,4,4,ADA,JAKSEL
"15,700,000,000",860,325,5,4,ADA,JAKSEL
"17,000,000,000",916,147,5,7,ADA,JAKSEL
"8,000,000,000",323,317,5,4,ADA,JAKSEL
"9,550,000,000",251,288,3,3,ADA,JAKSEL
"7,600,000,000",278,350,4,4,ADA,JAKSEL
"10,200,000,000",320,360,6,4,ADA,JAKSEL
"5,900,000,000",240,350,4,4,ADA,JAKSEL
"6,000,000,000",178,309,4,3,ADA,JAKSEL
"10,800,000,000",438,540,6,5,ADA,JAKSEL
"55,000,000,000",1500,1200,7,6,ADA,JAKSEL
"14,000,000,000",714,750,5,3,TIDAK ADA,JAKSEL
"6,900,000,000",358,450,4,3,ADA,JAKSEL
"55,000,000,000",1497,1200,5,5,ADA,JAKSEL
"17,500,000,000",1056,600,5,5,ADA,JAKSEL
"3,500,000,000",100,156,5,4,ADA,JAKSEL
"15,500,000,000",340,500,4,4,ADA,JAKSEL
"6,900,000,000",188,350,3,3,TIDAK ADA,JAKSEL
"16,000,000,000",407,575,5,4,ADA,JAKSEL
"11,900,000,000",241,571,4,5,ADA,JAKSEL
"7,500,000,000",188,351,3,3,ADA,JAKSEL
"40,000,000,000",1500,700,4,4,ADA,JAKSEL
"12,500,000,000",371,300,4,4,TIDAK ADA,JAKSEL
"11,000,000,000",438,540,8,4,TIDAK ADA,JAKSEL
"55,000,000,000",1500,1200,6,6,ADA,JAKSEL
"12,000,000,000",512,350,3,4,TIDAK ADA,JAKSEL
"6,500,000,000",230,400,4,4,ADA,JAKSEL
"13,940,000,000",539,610,4,4,TIDAK ADA,JAKSEL
"5,700,000,000",168,170,3,3,TIDAK ADA,JAKSEL
"8,000,000,000",350,350,10,5,TIDAK ADA,JAKSEL
"6,900,000,000",128,315,3,3,TIDAK ADA,JAKSEL
"8,000,000,000",190,420,4,4,ADA,JAKSEL
"5,500,000,000",107,311,4,3,ADA,JAKSEL
"10,700,000,000",400,300,4,3,ADA,JAKSEL
"21,000,000,000",1042,552,5,4,ADA,JAKSEL
"6,500,000,000",200,300,4,4,ADA,JAKSEL
"16,000,000,000",447,500,4,4,ADA,JAKSEL
"13,500,000,000",385,525,5,4,ADA,JAKSEL
"15,750,000,000",1060,375,3,2,ADA,JAKSEL
"23,000,000,000",558,553,8,6,ADA,JAKSEL
"21,000,000,000",1042,550,7,6,ADA,JAKSEL
"19,300,000,000",1287,700,5,3,ADA,JAKSEL
"4,300,000,000",124,187,3,3,ADA,JAKSEL
"20,000,000,000",550,650,4,4,ADA,JAKSEL
"9,550,000,000",251,288,4,4,TIDAK ADA,JAKSEL
"22,000,000,000",455,570,4,5,ADA,JAKSEL
"23,000,000,000",650,600,5,5,ADA,JAKSEL
"55,000,000,000",1500,1000,5,6,ADA,JAKSEL
"17,500,000,000",430,820,5,6,ADA,JAKSEL
"8,000,000,000",299,400,4,4,ADA,JAKSEL
"4,600,000,000",109,180,2,3,ADA,JAKSEL
"15,000,000,000",714,750,5,5,ADA,JAKSEL
"18,000,000,000",600,400,6,6,ADA,JAKSEL
"1,370,000,000",425,216,4,4,TIDAK ADA,JAKSEL
"21,000,000,000",1100,700,5,4,TIDAK ADA,JAKSEL
"12,000,000,000",315,609,5,4,ADA,JAKSEL
"24,300,000,000",1944,1944,5,4,ADA,JAKSEL
"8,000,000,000",380,450,5,5,ADA,JAKSEL
"18,900,000,000",470,660,4,4,TIDAK ADA,JAKSEL
"3,200,000,000",78,65,3,2,ADA,JAKSEL
"21,900,000,000",377,260,6,5,ADA,JAKSEL
"5,600,000,000",269,300,4,4,ADA,JAKSEL
"5,000,000,000",176,400,5,2,ADA,JAKSEL
"15,000,000,000",714,750,5,5,ADA,JAKSEL
"4,800,000,000",276,200,4,3,ADA,JAKSEL
"17,000,000,000",663,530,7,8,ADA,JAKSEL
"7,800,000,000",250,300,4,4,ADA,JAKSEL
"15,000,000,000",755,416,7,6,ADA,JAKSEL
"13,500,000,000",384,450,4,4,ADA,JAKSEL
"26,500,000,000",1047,500,5,3,ADA,JAKSEL
"7,500,000,000",170,300,4,3,ADA,JAKSEL
"11,900,000,000",239,568,4,4,ADA,JAKSEL
"17,500,000,000",477,520,4,3,ADA,JAKSEL
"15,500,000,000",633,530,5,3,ADA,JAKSEL
"5,500,000,000",188,314,4,4,ADA,JAKSEL
"9,900,000,000",741,411,5,5,ADA,JAKSEL
"8,650,000,000",225,518,4,4,ADA,JAKSEL
"3,650,000,000",78,185,3,3,ADA,JAKSEL
"18,500,000,000",660,600,5,4,ADA,JAKSEL
"3,600,000,000",164,150,4,4,ADA,JAKSEL
"3,400,000,000",95,156,4,3,ADA,JAKSEL
"18,000,000,000",786,1000,6,7,ADA,JAKSEL
"17,900,000,000",450,400,4,3,ADA,JAKSEL
"4,500,000,000",124,184,3,3,TIDAK ADA,JAKSEL
"4,500,000,000",300,235,4,4,ADA,JAKSEL
"18,000,000,000",600,500,6,6,ADA,JAKSEL
"15,000,000,000",741,750,5,5,ADA,JAKSEL
"8,000,000,000",380,450,5,5,ADA,JAKSEL
"18,900,000,000",470,660,4,4,TIDAK ADA,JAKSEL
"21,900,000,000",377,260,6,5,ADA,JAKSEL
"5,600,000,000",269,300,4,4,ADA,JAKSEL
"4,000,000,000",117,221,4,3,ADA,JAKSEL
"20,980,000,000",959,455,6,5,ADA,JAKSEL
"3,400,000,000",95,156,4,3,ADA,JAKSEL
"25,000,000,000",1100,550,5,4,ADA,JAKSEL
"11,500,000,000",400,416,5,3,ADA,JAKSEL
"11,510,000,000",233,544,7,7,TIDAK ADA,JAKSEL
"3,600,000,000",78,185,4,4,TIDAK ADA,JAKSEL
"15,000,000,000",250,460,4,4,ADA,JAKSEL
"17,500,000,000",518,450,5,7,ADA,JAKSEL
"4,000,000,000",117,221,4,3,ADA,JAKSEL
"8,000,000,000",350,350,2,1,TIDAK ADA,JAKSEL
"20,000,000,000",550,600,5,5,ADA,JAKSEL
"30,000,000,000",555,527,8,6,ADA,JAKSEL
"27,000,000,000",670,650,4,4,ADA,JAKSEL
"20,000,000,000",1040,600,4,3,ADA,JAKSEL
"15,750,000,000",598,243,4,4,ADA,JAKSEL
"34,500,000,000",974,800,5,6,ADA,JAKSEL
"4,300,000,000",124,184,3,3,ADA,JAKSEL
"8,500,000,000",230,310,5,3,TIDAK ADA,JAKSEL
"9,500,000,000",225,400,3,3,ADA,JAKSEL
"19,000,000,000",520,500,5,5,ADA,JAKSEL
"13,000,000,000",208,458,4,3,ADA,JAKSEL
"11,900,000,000",239,568,4,4,ADA,JAKSEL
"13,000,000,000",616,600,5,4,ADA,JAKSEL
"20,000,000,000",890,600,5,5,ADA,JAKSEL
"7,500,000,000",186,380,3,3,ADA,JAKSEL
"6,150,000,000",158,400,3,3,ADA,JAKSEL
"10,500,000,000",500,700,4,4,ADA,JAKSEL
"13,500,000,000",384,450,4,4,ADA,JAKSEL
"55,000,000,000",1475,1200,5,6,ADA,JAKSEL
"19,000,000,000",358,635,4,5,ADA,JAKSEL
"13,900,000,000",450,248,4,4,ADA,JAKSEL
"29,500,000,000",923,429,9,5,TIDAK ADA,JAKSEL
"22,000,000,000",455,570,4,5,ADA,JAKSEL
"60,000,000,000",1500,1200,6,6,ADA,JAKSEL
"13,000,000,000",314,450,4,4,ADA,JAKSEL
"16,000,000,000",895,420,5,5,ADA,JAKSEL
"18,000,000,000",968,600,4,3,ADA,JAKSEL
"30,000,000,000",1000,800,5,6,ADA,JAKSEL
"47,000,000,000",1375,1400,5,5,ADA,JAKSEL
"6,000,000,000",206,300,4,4,ADA,JAKSEL
"9,550,000,000",251,288,4,5,TIDAK ADA,JAKSEL
"32,000,000,000",973,1100,5,5,ADA,JAKSEL
"19,000,000,000",435,650,4,4,ADA,JAKSEL
"55,000,000,000",1500,1200,6,6,ADA,JAKSEL
"17,000,000,000",624,557,6,5,TIDAK ADA,JAKSEL
"19,000,000,000",870,700,6,4,ADA,JAKSEL
"14,700,000,000",474,455,4,5,ADA,JAKSEL
"13,800,000,000",260,360,6,5,ADA,JAKSEL
"15,000,000,000",450,400,4,3,TIDAK ADA,JAKSEL
"10,000,000,000",160,250,3,4,ADA,JAKSEL
"6,250,000,000",150,440,3,2,ADA,JAKSEL
"7,800,000,000",200,390,4,4,ADA,JAKSEL
"6,800,000,000",137,285,4,3,ADA,JAKSEL
"15,000,000,000",398,500,5,4,ADA,JAKSEL
"19,000,000,000",916,1000,5,7,TIDAK ADA,JAKSEL
"6,750,000,000",217,193,4,4,TIDAK ADA,JAKSEL
"28,000,000,000",330,300,3,3,ADA,JAKSEL
"17,000,000,000",921,310,3,3,ADA,JAKSEL
"11,900,000,000",260,365,4,4,ADA,JAKSEL
"9,530,000,000",150,523,3,3,TIDAK ADA,JAKSEL
"10,400,000,000",282,280,4,3,ADA,JAKSEL
"6,500,000,000",138,290,4,3,ADA,JAKSEL
"15,000,000,000",658,500,3,3,ADA,JAKSEL
"6,000,000,000",200,272,4,4,ADA,JAKSEL
"6,900,000,000",137,315,3,2,ADA,JAKSEL
"16,000,000,000",521,470,7,6,ADA,JAKSEL
"19,000,000,000",400,788,4,3,ADA,JAKSEL
"25,000,000,000",865,450,4,4,ADA,JAKSEL
"15,500,000,000",1100,600,4,4,ADA,JAKSEL
"12,600,000,000",540,800,5,4,TIDAK ADA,JAKSEL
"7,900,000,000",228,465,4,4,ADA,JAKSEL
"20,000,000,000",462,645,5,5,ADA,JAKSEL
"5,000,000,000",143,200,3,3,ADA,JAKSEL
"18,000,000,000",1900,650,6,6,ADA,JAKSEL
"1,100,000,000",90,180,3,3,ADA,JAKSEL
"6,500,000,000",427,300,4,4,ADA,JAKSEL
"17,000,000,000",407,850,6,5,ADA,JAKSEL
"6,500,000,000",217,195,4,3,ADA,JAKSEL
"8,500,000,000",307,400,4,5,ADA,JAKSEL
"13,500,000,000",429,600,5,4,ADA,JAKSEL
"850,000,000",76,60,2,2,TIDAK ADA,JAKSEL
"14,000,000,000",460,500,5,4,ADA,JAKSEL
"11,200,000,000",371,250,6,3,ADA,JAKSEL
"7,700,000,000",200,373,4,3,ADA,JAKSEL
"10,000,000,000",388,343,4,4,ADA,JAKSEL
"13,500,000,000",282,380,4,4,ADA,JAKSEL
"13,000,000,000",410,800,4,4,TIDAK ADA,JAKSEL
"27,000,000,000",660,800,5,4,ADA,JAKSEL
"19,000,000,000",435,650,4,4,ADA,JAKSEL
"7,000,000,000",384,400,4,4,ADA,JAKSEL
"27,500,000,000",1068,300,5,3,ADA,JAKSEL
"17,000,000,000",465,640,3,4,TIDAK ADA,JAKSEL
"10,000,000,000",475,600,5,5,TIDAK ADA,JAKSEL
"6,800,000,000",210,275,3,2,ADA,JAKSEL
"21,000,000,000",754,500,4,4,ADA,JAKSEL
"25,000,000,000",1340,600,8,5,ADA,JAKSEL
"16,000,000,000",521,471,5,5,ADA,JAKSEL
"6,000,000,000",329,500,5,3,TIDAK ADA,JAKSEL
"21,000,000,000",1018,600,4,4,TIDAK ADA,JAKSEL
"33,000,000,000",1100,450,4,4,ADA,JAKSEL
"2,790,000,000",180,250,3,3,ADA,JAKSEL
"8,500,000,000",307,400,7,6,TIDAK ADA,JAKSEL
"1,930,000,000",111,135,3,3,TIDAK ADA,JAKSEL
"14,000,000,000",410,800,4,4,ADA,JAKSEL
"12,750,000,000",500,400,4,3,TIDAK ADA,JAKSEL
"5,000,000,000",188,260,4,3,ADA,JAKSEL
"25,000,000,000",1040,600,4,3,TIDAK ADA,JAKSEL
"25,000,000,000",1000,600,9,5,ADA,JAKSEL
"85,500,000,000",1500,1300,5,5,ADA,JAKSEL
"5,400,000,000",165,297,3,3,ADA,JAKSEL
"14,000,000,000",380,350,6,4,ADA,JAKSEL
"5,600,000,000",151,254,4,3,ADA,JAKSEL
"38,000,000,000",1390,750,6,4,TIDAK ADA,JAKSEL
"30,000,000,000",557,400,4,3,TIDAK ADA,JAKSEL
"17,500,000,000",518,450,5,7,ADA,JAKSEL
"39,500,000,000",1960,900,5,4,ADA,JAKSEL
"15,000,000,000",395,460,4,4,ADA,JAKSEL
"13,000,000,000",235,623,5,5,TIDAK ADA,JAKSEL
"8,500,000,000",434,380,5,2,TIDAK ADA,JAKSEL
"45,000,000,000",836,600,4,4,ADA,JAKSEL
"10,000,000,000",230,350,3,2,ADA,JAKSEL
"20,000,000,000",425,500,5,4,ADA,JAKSEL
"5,800,000,000",144,285,4,3,ADA,JAKSEL
"20,900,000,000",754,500,4,4,ADA,JAKSEL
"24,000,000,000",832,650,4,1,TIDAK ADA,JAKSEL
"23,000,000,000",800,400,4,4,ADA,JAKSEL
"9,000,000,000",256,245,4,4,TIDAK ADA,JAKSEL
"1,350,000,000",72,150,3,3,TIDAK ADA,JAKSEL
"23,000,000,000",800,500,5,4,TIDAK ADA,JAKSEL
"14,000,000,000",464,350,4,3,ADA,JAKSEL
"15,000,000,000",733,140,2,2,TIDAK ADA,JAKSEL
"6,500,000,000",500,400,17,18,ADA,JAKSEL
"6,800,000,000",376,352,5,5,TIDAK ADA,JAKSEL
"10,500,000,000",320,360,6,4,ADA,JAKSEL
"20,000,000,000",442,600,3,4,ADA,JAKSEL
"16,000,000,000",895,420,5,4,ADA,JAKSEL
"15,000,000,000",400,500,4,4,TIDAK ADA,JAKSEL
"9,000,000,000",240,380,3,3,ADA,JAKSEL
"33,000,000,000",1750,700,6,6,ADA,JAKSEL
"6,200,000,000",450,550,4,4,ADA,JAKSEL
"40,000,000,000",600,500,8,5,ADA,JAKSEL
"14,500,000,000",240,450,4,4,ADA,JAKSEL
"25,000,000,000",900,600,4,3,TIDAK ADA,JAKSEL
"6,200,000,000",376,352,4,2,ADA,JAKSEL
"38,000,000,000",2880,1000,7,6,ADA,JAKSEL
"9,000,000,000",350,650,4,3,ADA,JAKSEL
"7,000,000,000",251,325,3,3,TIDAK ADA,JAKSEL
"9,900,000,000",452,200,3,2,ADA,JAKSEL
"15,000,000,000",291,400,4,4,ADA,JAKSEL
"16,000,000,000",445,1200,6,6,ADA,JAKSEL
"9,000,000,000",300,300,4,3,ADA,JAKSEL
"25,000,000,000",700,500,4,4,ADA,JAKSEL
"10,000,000,000",468,410,4,3,ADA,JAKSEL
"9,500,000,000",350,430,4,4,TIDAK ADA,JAKSEL
"30,000,000,000",778,320,3,2,TIDAK ADA,JAKSEL
"15,000,000,000",923,900,5,4,TIDAK ADA,JAKSEL
"20,000,000,000",1050,650,4,4,ADA,JAKSEL
"15,000,000,000",530,633,4,3,TIDAK ADA,JAKSEL
"5,900,000,000",188,314,4,4,TIDAK ADA,JAKSEL
"185,000,000,000",6790,10000,5,5,ADA,JAKSEL
"17,800,000,000",430,500,4,4,ADA,JAKSEL
"11,500,000,000",375,400,5,4,ADA,JAKSEL
"12,000,000,000",340,600,11,11,ADA,JAKSEL
"50,000,000,000",325,500,3,3,ADA,JAKSEL
"7,900,000,000",266,475,4,4,ADA,JAKSEL
"7,000,000,000",250,280,3,3,ADA,JAKSEL
"7,000,000,000",230,400,4,4,ADA,JAKSEL
"20,000,000,000",600,890,6,6,ADA,JAKSEL
"11,000,000,000",575,210,4,3,ADA,JAKSEL
"22,000,000,000",1860,400,4,4,ADA,JAKSEL
"20,000,000,000",610,1000,6,6,TIDAK ADA,JAKSEL
"16,000,000,000",835,600,5,5,TIDAK ADA,JAKSEL
"8,750,000,000",158,400,3,3,ADA,JAKSEL
"39,000,000,000",1900,1000,6,5,TIDAK ADA,JAKSEL
"10,500,000,000",424,313,7,4,ADA,JAKSEL
"14,000,000,000",651,350,5,3,ADA,JAKSEL
"11,000,000,000",400,225,4,3,ADA,JAKSEL
"24,000,000,000",354,350,3,3,ADA,JAKSEL
"14,500,000,000",600,500,5,4,ADA,JAKSEL
"8,500,000,000",200,400,4,4,ADA,JAKSEL
"9,900,000,000",611,500,7,4,ADA,JAKSEL
"21,000,000,000",557,882,5,4,ADA,JAKSEL
"6,000,000,000",144,250,4,3,ADA,JAKSEL
"14,000,000,000",661,800,4,4,TIDAK ADA,JAKSEL
"12,900,000,000",539,610,4,4,ADA,JAKSEL
"17,640,000,000",503,541,4,3,ADA,JAKSEL
"12,000,000,000",600,500,4,4,ADA,JAKSEL
"10,000,000,000",237,250,4,3,ADA,JAKSEL
"3,790,000,000",248,248,4,2,TIDAK ADA,JAKSEL
"9,000,000,000",600,400,4,3,TIDAK ADA,JAKSEL
"250,000,000,000",6000,1500,5,5,ADA,JAKSEL
"9,500,000,000",274,258,3,3,ADA,JAKSEL
"17,500,000,000",518,450,5,7,ADA,JAKSEL
"8,250,000,000",159,278,3,3,ADA,JAKSEL
"4,300,000,000",123,190,3,3,TIDAK ADA,JAKSEL
"4,300,000,000",152,230,4,2,TIDAK ADA,JAKSEL
"5,620,000,000",122,311,3,3,ADA,JAKSEL
"3,250,000,000",240,200,3,3,ADA,JAKSEL
"6,500,000,000",144,285,4,3,ADA,JAKSEL
"25,000,000,000",1020,800,5,3,ADA,JAKSEL
"23,000,000,000",752,400,4,3,ADA,JAKSEL
"17,700,000,000",860,750,5,4,ADA,JAKSEL
"7,700,000,000",190,300,3,2,ADA,JAKSEL
"16,000,000,000",465,640,4,4,ADA,JAKSEL
"6,000,000,000",200,272,4,4,ADA,JAKSEL
"15,000,000,000",500,765,4,4,ADA,JAKSEL
"25,000,000,000",685,450,4,4,ADA,JAKSEL
"20,000,000,000",910,450,5,4,ADA,JAKSEL
"15,000,000,000",580,220,4,3,TIDAK ADA,JAKSEL
"8,500,000,000",246,221,3,3,ADA,JAKSEL
"4,000,000,000",125,125,3,3,ADA,JAKSEL
"11,500,000,000",400,300,3,3,ADA,JAKSEL
"27,500,000,000",1010,605,6,6,ADA,JAKSEL
"6,000,000,000",182,500,4,3,ADA,JAKSEL
"17,500,000,000",477,550,4,4,ADA,JAKSEL
"17,000,000,000",300,475,5,4,ADA,JAKSEL
"7,500,000,000",259,410,4,3,ADA,JAKSEL
"28,000,000,000",572,450,8,7,ADA,JAKSEL
"7,000,000,000",349,349,9,5,ADA,JAKSEL
"9,000,000,000",200,480,4,3,ADA,JAKSEL
"39,000,000,000",973,1100,4,4,ADA,JAKSEL
"42,000,000,000",2131,1600,5,5,ADA,JAKSEL
"4,000,000,000",219,103,4,2,ADA,JAKSEL
"9,000,000,000",490,350,4,3,ADA,JAKSEL
"25,000,000,000",1000,800,4,3,ADA,JAKSEL
"3,800,000,000",153,180,4,3,TIDAK ADA,JAKSEL
"15,000,000,000",506,400,3,3,TIDAK ADA,JAKSEL
"17,000,000,000",465,640,4,4,ADA,JAKSEL
"7,300,000,000",278,350,4,4,ADA,JAKSEL
"8,500,000,000",250,400,4,4,ADA,JAKSEL
"55,000,000,000",2641,1000,4,3,ADA,JAKSEL
"17,000,000,000",851,450,4,3,ADA,JAKSEL
"17,000,000,000",392,327,4,4,ADA,JAKSEL
"10,000,000,000",402,236,3,3,ADA,JAKSEL
"12,000,000,000",254,370,4,4,ADA,JAKSEL
"10,500,000,000",380,300,3,3,ADA,JAKSEL
"17,500,000,000",417,560,4,4,ADA,JAKSEL
"5,250,000,000",135,250,3,4,ADA,JAKSEL
"13,500,000,000",565,380,3,3,ADA,JAKSEL
"10,500,000,000",220,350,4,3,ADA,JAKSEL
"17,000,000,000",440,350,4,4,ADA,JAKSEL
"7,900,000,000",356,450,4,3,ADA,JAKSEL
"18,600,000,000",474,455,4,4,TIDAK ADA,JAKSEL
"35,000,000,000",1200,900,6,6,ADA,JAKSEL
"25,000,000,000",670,650,3,3,TIDAK ADA,JAKSEL
"22,000,000,000",754,500,4,4,ADA,JAKSEL
"68,000,000,000",2595,1000,5,5,ADA,JAKSEL
"6,500,000,000",266,350,4,4,ADA,JAKSEL
"2,500,000,000",200,120,3,3,ADA,JAKSEL
"22,000,000,000",754,500,4,4,ADA,JAKSEL
"22,000,000,000",888,450,4,3,ADA,JAKSEL
"5,100,000,000",120,210,4,3,TIDAK ADA,JAKSEL
"9,200,000,000",231,389,3,3,ADA,JAKSEL
"36,000,000,000",1200,850,5,4,TIDAK ADA,JAKSEL
"7,900,000,000",205,357,4,4,TIDAK ADA,JAKSEL
"5,800,000,000",250,350,4,4,ADA,JAKSEL
"11,000,000,000",230,350,4,4,ADA,JAKSEL
"4,900,000,000",340,210,3,2,ADA,JAKSEL
"23,000,000,000",806,700,4,4,ADA,JAKSEL
"17,000,000,000",440,350,4,4,ADA,JAKSEL
"8,200,000,000",188,330,3,3,ADA,JAKSEL
"9,500,000,000",251,295,4,4,ADA,JAKSEL
"6,500,000,000",266,350,4,3,ADA,JAKSEL
"27,000,000,000",900,400,4,3,ADA,JAKSEL
"16,500,000,000",600,400,7,4,ADA,JAKSEL
"35,000,000,000",2000,800,4,4,TIDAK ADA,JAKSEL
"6,200,000,000",142,311,3,2,ADA,JAKSEL
"15,000,000,000",912,484,6,3,ADA,JAKSEL
"9,500,000,000",251,295,4,4,ADA,JAKSEL
"23,000,000,000",806,700,4,4,ADA,JAKSEL
"7,370,000,000",211,465,4,4,ADA,JAKSEL
"19,500,000,000",850,750,3,2,ADA,JAKSEL
"5,800,000,000",122,289,3,3,ADA,JAKSEL
"33,000,000,000",1100,800,5,5,ADA,JAKSEL
"22,500,000,000",500,536,5,5,ADA,JAKSEL
"4,200,000,000",110,165,4,3,ADA,JAKSEL
"16,950,000,000",387,250,1,1,ADA,JAKSEL
"13,000,000,000",616,650,4,4,ADA,JAKSEL
"18,000,000,000",670,385,4,4,ADA,JAKSEL
"7,000,000,000",140,215,4,4,ADA,JAKSEL
"5,000,000,000",234,350,4,4,ADA,JAKSEL
"38,500,000,000",1420,550,8,5,ADA,JAKSEL
"15,000,000,000",395,420,4,4,ADA,JAKSEL
"13,500,000,000",230,400,3,2,ADA,JAKSEL
"13,000,000,000",372,450,4,4,ADA,JAKSEL
"8,500,000,000",250,400,4,4,ADA,JAKSEL
"17,000,000,000",786,1000,6,7,TIDAK ADA,JAKSEL
"43,000,000,000",1350,750,5,5,ADA,JAKSEL
"13,000,000,000",235,623,4,4,TIDAK ADA,JAKSEL
"22,000,000,000",1000,800,5,4,TIDAK ADA,JAKSEL
"9,950,000,000",212,300,4,3,ADA,JAKSEL
"12,500,000,000",512,350,3,3,ADA,JAKSEL
"16,000,000,000",578,500,5,4,ADA,JAKSEL
"22,600,000,000",754,500,4,4,ADA,JAKSEL
"75,000,000,000",1830,1000,5,4,ADA,JAKSEL
"30,000,000,000",1100,500,4,4,ADA,JAKSEL
"20,000,000,000",897,450,4,4,ADA,JAKSEL
"15,000,000,000",733,140,2,2,ADA,JAKSEL
"19,000,000,000",435,500,4,4,ADA,JAKSEL
"8,700,000,000",229,327,4,3,ADA,JAKSEL
"25,000,000,000",670,671,4,4,TIDAK ADA,JAKSEL
"19,000,000,000",520,600,4,4,TIDAK ADA,JAKSEL
"35,000,000,000",900,800,7,5,ADA,JAKSEL
"18,000,000,000",677,450,4,3,TIDAK ADA,JAKSEL
"15,000,000,000",415,150,3,2,ADA,JAKSEL
"9,500,000,000",350,460,6,5,ADA,JAKSEL
"25,500,000,000",1020,816,5,3,TIDAK ADA,JAKSEL
"16,000,000,000",1095,450,3,4,ADA,JAKSEL
"15,000,000,000",940,320,2,2,ADA,JAKSEL
"22,000,000,000",824,600,7,4,ADA,JAKSEL
"6,900,000,000",243,260,4,4,ADA,JAKSEL
"20,000,000,000",429,499,4,4,ADA,JAKSEL
"45,000,000,000",1466,900,9,9,ADA,JAKSEL
"60,000,000,000",2360,542,6,8,ADA,JAKSEL
"10,800,000,000",472,650,6,3,ADA,JAKSEL
"56,000,000,000",1470,2000,7,7,ADA,JAKSEL
"14,400,000,000",474,455,3,4,ADA,JAKSEL
"60,000,000,000",2630,542,6,8,TIDAK ADA,JAKSEL
"9,500,000,000",278,400,3,2,ADA,JAKSEL
"19,000,000,000",430,500,4,5,ADA,JAKSEL
"40,000,000,000",973,1100,4,4,ADA,JAKSEL
"175,230,000,000",4574,4271,4,4,ADA,JAKSEL
"19,500,000,000",834,780,6,3,TIDAK ADA,JAKSEL
"17,000,000,000",392,450,4,4,ADA,JAKSEL
"16,000,000,000",1095,450,3,4,ADA,JAKSEL
"13,000,000,000",407,850,4,4,ADA,JAKSEL
"21,000,000,000",817,500,4,3,TIDAK ADA,JAKSEL
"19,000,000,000",800,500,5,4,ADA,JAKSEL
"1,880,000,000",90,135,3,3,ADA,JAKSEL
"5,100,000,000",140,250,3,2,TIDAK ADA,JAKSEL
"12,000,000,000",572,432,5,6,ADA,JAKSEL
"8,000,000,000",350,350,5,5,ADA,JAKSEL
"17,000,000,000",389,450,7,4,ADA,JAKSEL
"49,000,000,000",943,600,7,4,ADA,JAKSEL
"6,000,000,000",144,250,4,3,ADA,JAKSEL
"12,000,000,000",230,300,5,4,ADA,JAKSEL
"17,000,000,000",470,660,4,4,ADA,JAKSEL
"10,500,000,000",220,325,4,3,ADA,JAKSEL
"950,000,000",50,80,3,2,TIDAK ADA,JAKSEL
"9,500,000,000",462,350,3,3,ADA,JAKSEL
"19,000,000,000",358,500,4,5,ADA,JAKSEL
"25,500,000,000",1020,816,4,4,ADA,JAKSEL
"2,800,000,000",70,125,3,3,TIDAK ADA,JAKSEL
"18,500,000,000",358,500,4,4,ADA,JAKSEL
"22,000,000,000",780,580,4,4,TIDAK ADA,JAKSEL
"5,500,000,000",150,210,4,4,ADA,JAKSEL
"10,500,000,000",500,700,4,4,ADA,JAKSEL
"17,000,000,000",465,640,4,5,ADA,JAKSEL
"5,680,000,000",151,245,3,3,ADA,JAKSEL
"15,000,000,000",400,800,4,4,TIDAK ADA,JAKSEL
"13,500,000,000",615,500,4,5,TIDAK ADA,JAKSEL
"4,800,000,000",200,260,5,7,TIDAK ADA,JAKSEL
"14,000,000,000",350,250,3,3,ADA,JAKSEL
"19,000,000,000",520,500,5,5,TIDAK ADA,JAKSEL
"17,000,000,000",389,450,4,4,ADA,JAKSEL
"13,500,000,000",1034,900,6,5,ADA,JAKSEL
"8,500,000,000",307,400,7,6,TIDAK ADA,JAKSEL
"9,500,000,000",458,300,5,4,ADA,JAKSEL
"40,000,000,000",1050,800,27,21,ADA,JAKSEL
"18,000,000,000",900,500,4,4,ADA,JAKSEL
"6,700,000,000",285,258,4,4,TIDAK ADA,JAKSEL
"37,500,000,000",680,1250,6,5,ADA,JAKSEL
"26,000,000,000",600,450,4,4,ADA,JAKSEL
"15,000,000,000",500,1000,5,5,ADA,JAKSEL
"33,000,000,000",585,900,7,6,ADA,JAKSEL
"8,500,000,000",250,300,4,4,ADA,JAKSEL
"22,000,000,000",900,1800,4,3,ADA,JAKSEL
"7,900,000,000",220,300,3,3,ADA,JAKSEL
"11,160,000,000",248,333,4,4,ADA,JAKSEL
"19,500,000,000",443,450,5,3,TIDAK ADA,JAKSEL
"10,000,000,000",475,600,5,5,TIDAK ADA,JAKSEL
"1,100,000,000",59,80,3,2,ADA,JAKSEL
"7,190,000,000",207,245,3,3,ADA,JAKSEL
"9,000,000,000",200,300,5,4,ADA,JAKSEL
"5,700,000,000",144,325,3,3,ADA,JAKSEL
"36,000,000,000",1300,850,5,4,TIDAK ADA,JAKSEL
"17,000,000,000",663,530,5,4,ADA,JAKSEL
"23,000,000,000",650,600,5,5,TIDAK ADA,JAKSEL
"1,140,000,000",60,60,3,2,TIDAK ADA,JAKSEL
"12,500,000,000",512,350,3,3,ADA,JAKSEL
"16,000,000,000",587,350,4,3,ADA,JAKSEL
"5,800,000,000",144,285,4,3,TIDAK ADA,JAKSEL
"17,000,000,000",536,900,7,2,ADA,JAKSEL
"14,000,000,000",464,360,4,3,TIDAK ADA,JAKSEL
"17,500,000,000",518,450,5,7,ADA,JAKSEL
"26,000,000,000",900,500,7,4,TIDAK ADA,JAKSEL
"11,500,000,000",547,500,4,3,ADA,JAKSEL
"19,000,000,000",800,500,5,3,TIDAK ADA,JAKSEL
"19,000,000,000",800,500,5,4,ADA,JAKSEL
"3,600,000,000",164,150,4,4,ADA,JAKSEL
"5,300,000,000",90,205,3,3,ADA,JAKSEL
"11,000,000,000",436,300,6,5,TIDAK ADA,JAKSEL
"6,620,000,000",135,225,5,4,TIDAK ADA,JAKSEL
"5,500,000,000",164,240,4,3,ADA,JAKSEL
"19,800,000,000",1039,430,5,4,TIDAK ADA,JAKSEL
"40,000,000,000",1752,712,3,4,TIDAK ADA,JAKSEL
"10,000,000,000",395,450,5,5,ADA,JAKSEL
"6,500,000,000",124,300,3,3,ADA,JAKSEL
"6,800,000,000",145,330,4,1,ADA,JAKSEL
"9,000,000,000",450,700,4,4,TIDAK ADA,JAKSEL
"4,500,000,000",240,355,4,3,ADA,JAKSEL
"24,500,000,000",876,600,8,5,TIDAK ADA,JAKSEL
"5,800,000,000",144,325,3,3,ADA,JAKSEL
"10,500,000,000",500,700,4,4,ADA,JAKSEL
"15,500,000,000",440,350,6,4,TIDAK ADA,JAKSEL
"7,000,000,000",272,310,5,3,ADA,JAKSEL
"14,500,000,000",600,643,5,5,ADA,JAKSEL
"5,500,000,000",150,210,4,4,ADA,JAKSEL
"17,000,000,000",670,800,5,5,ADA,JAKSEL
"18,500,000,000",443,450,5,5,ADA,JAKSEL
"4,400,000,000",236,158,6,4,TIDAK ADA,JAKSEL
"14,000,000,000",460,400,4,3,ADA,JAKSEL
"19,800,000,000",1039,430,5,3,ADA,JAKSEL
"6,800,000,000",253,380,4,3,ADA,JAKSEL
"14,000,000,000",460,400,4,4,TIDAK ADA,JAKSEL
"9,550,000,000",251,288,3,4,ADA,JAKSEL
"4,600,000,000",123,190,3,3,ADA,JAKSEL
"19,000,000,000",358,500,5,5,ADA,JAKSEL
"5,800,000,000",128,148,3,3,ADA,JAKSEL
"7,000,000,000",291,210,4,3,ADA,JAKSEL
"21,500,000,000",788,400,4,3,TIDAK ADA,JAKSEL
"38,000,000,000",900,422,4,3,ADA,JAKSEL
"5,900,000,000",160,176,4,3,TIDAK ADA,JAKSEL
"15,000,000,000",600,450,5,4,TIDAK ADA,JAKSEL
"14,900,000,000",700,500,4,3,ADA,JAKSEL
"16,000,000,000",587,350,4,3,ADA,JAKSEL
"21,000,000,000",1180,550,5,4,ADA,JAKSEL
"9,500,000,000",330,450,5,2,ADA,JAKSEL
"8,500,000,000",400,280,3,3,TIDAK ADA,JAKSEL
"14,000,000,000",580,500,6,4,ADA,JAKSEL
"26,000,000,000",600,450,4,4,ADA,JAKSEL
"13,000,000,000",330,430,5,4,ADA,JAKSEL
"8,600,000,000",246,350,3,3,TIDAK ADA,JAKSEL
"7,000,000,000",194,229,5,4,ADA,JAKSEL
"18,000,000,000",800,600,5,5,ADA,JAKSEL
"5,500,000,000",214,245,4,2,TIDAK ADA,JAKSEL
"43,000,000,000",1000,600,27,27,ADA,JAKSEL
"13,500,000,000",250,350,5,4,ADA,JAKSEL
"36,000,000,000",1300,850,5,5,ADA,JAKSEL
"4,500,000,000",235,300,4,4,ADA,JAKSEL
"18,500,000,000",1000,700,4,3,ADA,JAKSEL
"21,500,000,000",603,400,4,1,ADA,JAKSEL
"21,000,000,000",358,500,4,5,ADA,JAKSEL
"24,000,000,000",450,1320,5,3,TIDAK ADA,JAKSEL
"15,000,000,000",225,425,5,4,ADA,JAKSEL
"21,600,000,000",800,500,4,2,ADA,JAKSEL
"12,000,000,000",477,970,5,4,ADA,JAKSEL
"5,000,000,000",185,255,4,4,ADA,JAKSEL
"7,700,000,000",188,300,3,3,ADA,JAKSEL
"8,700,000,000",246,350,3,3,ADA,JAKSEL
"5,200,000,000",464,400,5,5,ADA,JAKSEL
"30,000,000,000",1017,500,5,3,ADA,JAKSEL
"4,500,000,000",258,150,2,2,TIDAK ADA,JAKSEL
"30,000,000,000",1500,600,7,7,ADA,JAKSEL
"28,000,000,000",1100,800,5,4,ADA,JAKSEL
"14,200,000,000",474,455,3,3,ADA,JAKSEL
"29,000,000,000",1019,800,6,4,ADA,JAKSEL
"6,900,000,000",389,400,4,3,ADA,JAKSEL
"21,900,000,000",377,266,4,3,ADA,JAKSEL
"14,500,000,000",212,363,3,4,ADA,JAKSEL
"5,300,000,000",129,148,3,3,TIDAK ADA,JAKSEL
"7,900,000,000",181,330,3,4,TIDAK ADA,JAKSEL
"4,500,000,000",151,200,4,4,ADA,JAKSEL
"17,000,000,000",500,600,4,3,TIDAK ADA,JAKSEL
"14,500,000,000",240,450,4,4,ADA,JAKSEL
"20,000,000,000",1040,600,4,3,ADA,JAKSEL
"5,900,000,000",160,176,4,3,ADA,JAKSEL
"20,000,000,000",1026,750,6,4,ADA,JAKSEL
"2,500,000,000",94,180,4,4,TIDAK ADA,JAKSEL
"18,500,000,000",421,450,4,3,ADA,JAKSEL
"20,000,000,000",472,650,4,3,TIDAK ADA,JAKSEL
"6,500,000,000",295,300,4,4,ADA,JAKSEL
"5,000,000,000",225,245,3,3,TIDAK ADA,JAKSEL
"17,000,000,000",465,640,4,4,ADA,JAKSEL
"15,000,000,000",500,600,5,5,ADA,JAKSEL
"10,000,000,000",246,350,3,3,ADA,JAKSEL
"18,000,000,000",700,500,5,4,ADA,JAKSEL
"36,000,000,000",1147,900,5,6,ADA,JAKSEL
"35,500,000,000",500,525,4,4,ADA,JAKSEL
"5,250,000,000",190,320,4,3,ADA,JAKSEL
"13,500,000,000",330,520,3,2,ADA,JAKSEL
"10,700,000,000",604,550,5,5,ADA,JAKSEL
"18,000,000,000",415,470,5,4,ADA,JAKSEL
"21,000,000,000",817,500,4,4,ADA,JAKSEL
"10,000,000,000",227,400,4,3,ADA,JAKSEL
"6,500,000,000",215,320,4,3,ADA,JAKSEL
"4,700,000,000",260,280,6,4,ADA,JAKSEL
"17,500,000,000",518,450,5,7,ADA,JAKSEL
"19,750,000,000",500,536,5,5,ADA,JAKSEL
"30,000,000,000",317,450,4,4,ADA,JAKSEL
"15,000,000,000",585,300,4,2,TIDAK ADA,JAKSEL
"25,000,000,000",1050,1000,4,4,TIDAK ADA,JAKSEL
"11,100,000,000",230,568,4,4,ADA,JAKSEL
"20,000,000,000",780,500,4,3,TIDAK ADA,JAKSEL
"5,300,000,000",330,250,10,4,TIDAK ADA,JAKSEL
"39,000,000,000",973,1000,4,4,TIDAK ADA,JAKSEL
"38,000,000,000",1180,800,8,9,ADA,JAKSEL
"18,000,000,000",216,384,4,4,ADA,JAKSEL
"23,000,000,000",558,563,8,6,ADA,JAKSEL
"26,000,000,000",1083,1200,6,6,ADA,JAKSEL
"23,000,000,000",693,474,5,4,ADA,JAKSEL
"4,750,000,000",161,250,4,2,TIDAK ADA,JAKSEL
"15,900,000,000",400,500,4,5,ADA,JAKSEL
"5,500,000,000",230,300,3,3,TIDAK ADA,JAKSEL
"9,000,000,000",159,380,3,3,ADA,JAKSEL
"19,000,000,000",817,600,5,4,ADA,JAKSEL
"22,600,000,000",754,500,4,4,ADA,JAKSEL
"33,000,000,000",585,900,7,6,ADA,JAKSEL
"12,000,000,000",600,500,4,3,ADA,JAKSEL
"15,000,000,000",385,500,4,5,ADA,JAKSEL
"17,500,000,000",518,450,5,7,ADA,JAKSEL
"1,870,000,000",22,90,3,2,TIDAK ADA,JAKSEL
"17,500,000,000",800,800,5,5,TIDAK ADA,JAKSEL
"5,800,000,000",144,285,4,3,ADA,JAKSEL
"39,000,000,000",450,650,7,5,ADA,JAKSEL
"6,500,000,000",399,350,4,3,ADA,JAKSEL
"12,000,000,000",615,450,4,4,ADA,JAKSEL
"8,800,000,000",527,600,3,3,TIDAK ADA,JAKSEL
"7,730,000,000",225,245,3,3,ADA,JAKSEL
"500,000,000",60,60,2,1,TIDAK ADA,JAKSEL
"14,400,000,000",474,450,4,3,ADA,JAKSEL
"16,000,000,000",407,575,5,4,ADA,JAKSEL
"40,000,000,000",973,1100,4,4,ADA,JAKSEL
"11,000,000,000",180,415,4,5,ADA,JAKSEL
"5,500,000,000",144,325,3,4,TIDAK ADA,JAKSEL
"16,000,000,000",350,600,4,4,TIDAK ADA,JAKSEL
"21,000,000,000",1042,550,7,6,ADA,JAKSEL
"11,200,000,000",246,345,6,5,ADA,JAKSEL
"5,500,000,000",214,245,5,3,TIDAK ADA,JAKSEL
"6,500,000,000",250,214,4,3,TIDAK ADA,JAKSEL
"16,500,000,000",472,650,4,3,ADA,JAKSEL
"10,500,000,000",230,300,10,10,ADA,JAKSEL
"10,000,000,000",227,400,6,4,ADA,JAKSEL
"10,500,000,000",876,700,7,4,TIDAK ADA,JAKSEL
"15,000,000,000",400,450,5,4,ADA,JAKSEL
"8,950,000,000",246,340,6,3,ADA,JAKSEL
"22,000,000,000",1000,800,5,4,ADA,JAKSEL
"6,800,000,000",133,331,4,3,ADA,JAKSEL
"5,200,000,000",347,300,5,4,TIDAK ADA,JAKSEL
"20,000,000,000",450,550,5,2,TIDAK ADA,JAKSEL
"26,000,000,000",700,887,4,5,TIDAK ADA,JAKSEL
"15,500,000,000",450,400,4,4,TIDAK ADA,JAKSEL
"6,900,000,000",625,500,4,4,ADA,JAKSEL
"2,750,000,000",130,175,3,3,TIDAK ADA,JAKSEL
"22,000,000,000",455,570,4,5,ADA,JAKSEL
"9,550,000,000",251,288,4,3,TIDAK ADA,JAKSEL
"15,000,000,000",520,500,4,4,ADA,JAKSEL
"15,000,000,000",1055,650,8,5,ADA,JAKSEL
"39,000,000,000",973,1100,4,4,ADA,JAKSEL
"17,500,000,000",518,450,5,7,ADA,JAKSEL
"28,000,000,000",1020,816,5,3,ADA,JAKSEL
"4,650,000,000",124,220,4,3,ADA,JAKSEL
"6,800,000,000",389,200,4,3,ADA,JAKSEL
"5,900,000,000",214,245,5,3,TIDAK ADA,JAKSEL
"14,500,000,000",648,400,8,6,ADA,JAKSEL
"36,000,000,000",1300,850,6,4,ADA,JAKSEL
"19,500,000,000",520,500,5,4,ADA,JAKSEL
"5,000,000,000",300,200,5,4,TIDAK ADA,JAKSEL
"11,100,000,000",282,383,4,2,ADA,JAKSEL
"14,000,000,000",718,400,2,2,ADA,JAKSEL
"4,950,000,000",135,250,3,4,ADA,JAKSEL
"8,500,000,000",246,221,4,4,ADA,JAKSEL
"4,700,000,000",110,250,4,3,TIDAK ADA,JAKSEL
"14,400,000,000",451,320,5,4,ADA,JAKSEL
"85,000,000,000",1175,1700,5,6,ADA,JAKSEL
"6,700,000,000",190,250,4,3,ADA,JAKSEL
"4,400,000,000",201,300,4,3,TIDAK ADA,JAKSEL
"6,800,000,000",212,170,3,2,ADA,JAKSEL
"5,800,000,000",150,171,3,3,TIDAK ADA,JAKSEL
"14,850,000,000",539,610,4,4,ADA,JAKSEL
"11,000,000,000",180,420,4,5,ADA,JAKSEL
"17,000,000,000",392,400,4,4,ADA,JAKSEL
"8,250,000,000",174,220,3,3,ADA,JAKSEL
"8,000,000,000",352,200,4,2,ADA,JAKSEL
"16,000,000,000",407,500,4,4,ADA,JAKSEL
"5,400,000,000",104,240,3,3,ADA,JAKSEL
"14,000,000,000",407,800,4,3,ADA,JAKSEL
"25,000,000,000",752,450,4,4,ADA,JAKSEL
"19,000,000,000",380,600,4,4,ADA,JAKSEL
"1,350,000,000",72,150,3,3,TIDAK ADA,JAKSEL
"3,500,000,000",156,95,4,3,ADA,JAKSEL
"14,500,000,000",560,200,3,2,ADA,JAKSEL
"3,500,000,000",100,186,4,3,ADA,JAKSEL
"2,200,000,000",110,200,3,3,ADA,JAKSEL
"15,500,000,000",1055,500,5,3,ADA,JAKSEL
"1,300,000,000",65,108,3,2,ADA,JAKSEL
"1,200,000,000",69,75,3,1,TIDAK ADA,JAKSEL
"1,310,000,000",51,60,2,2,TIDAK ADA,JAKSEL
"2,400,000,000",127,180,5,5,ADA,JAKSEL
"5,500,000,000",234,115,2,2,ADA,JAKSEL
"15,000,000,000",500,550,5,5,ADA,JAKSEL
"35,500,000,000",1500,1000,6,6,ADA,JAKSEL
"3,800,000,000",220,220,3,3,TIDAK ADA,JAKSEL
"4,970,000,000",154,300,6,4,ADA,JAKSEL
"10,500,000,000",202,600,3,3,TIDAK ADA,JAKSEL
"680,000,000",50,60,3,2,TIDAK ADA,JAKSEL
"2,570,000,000",107,120,3,3,TIDAK ADA,JAKSEL
"14,000,000,000",949,800,5,4,ADA,JAKSEL
"4,600,000,000",201,350,4,3,ADA,JAKSEL
"4,200,000,000",109,188,3,3,ADA,JAKSEL
"13,500,000,000",465,365,5,5,ADA,JAKSEL
"700,000,000",60,52,3,2,ADA,JAKSEL
"1,650,000,000",78,105,3,3,ADA,JAKSEL
"1,300,000,000",86,135,3,2,TIDAK ADA,JAKSEL
"80,000,000,000",800,2000,7,6,ADA,JAKSEL
"11,750,000,000",340,419,4,4,TIDAK ADA,JAKSEL
"14,900,000,000",291,400,4,4,TIDAK ADA,JAKSEL
"57,000,000,000",550,1200,5,5,ADA,JAKSEL
"1,350,000,000",69,100,3,3,ADA,JAKSEL
"555,000,000",32,38,2,2,TIDAK ADA,JAKSEL
"1,200,000,000",60,70,3,2,ADA,JAKSEL
"2,990,000,000",123,160,4,3,TIDAK ADA,JAKSEL
"7,500,000,000",150,350,3,3,ADA,JAKSEL
"4,200,000,000",85,190,3,3,TIDAK ADA,JAKSEL
"25,000,000,000",850,530,6,4,ADA,JAKSEL
"1,880,000,000",60,90,3,2,TIDAK ADA,JAKSEL
"5,300,000,000",144,285,4,3,ADA,JAKSEL
"1,300,000,000",78,100,3,3,TIDAK ADA,JAKSEL
"700,000,000",60,52,3,2,ADA,JAKSEL
"650,000,000",60,52,3,2,ADA,JAKSEL
"679,000,000",60,50,3,2,TIDAK ADA,JAKSEL
"2,200,000,000",110,200,4,4,TIDAK ADA,JAKSEL
"1,200,000,000",60,70,3,2,ADA,JAKSEL
"3,750,000,000",321,220,5,5,ADA,JAKSEL
"15,000,000,000",291,400,4,3,ADA,JAKSEL
"13,500,000,000",500,640,5,5,ADA,JAKSEL
"15,000,000,000",291,400,4,4,ADA,JAKSEL
"7,050,000,000",128,315,3,3,ADA,JAKSEL
"13,700,000,000",323,400,4,3,ADA,JAKSEL
"9,500,000,000",239,436,4,4,ADA,JAKSEL
"14,500,000,000",465,841,5,4,ADA,JAKSEL
"17,000,000,000",392,500,4,4,ADA,JAKSEL
"32,000,000,000",325,600,4,4,ADA,JAKSEL
"168,000,000,000",1770,1000,5,5,ADA,JAKSEL
"30,000,000,000",345,500,4,4,ADA,JAKSEL
"32,000,000,000",430,600,4,4,ADA,JAKSEL
"180,000,000,000",1442,1000,6,5,ADA,JAKSEL
"90,000,000,000",1066,5000,8,6,ADA,JAKSEL
"35,000,000,000",2600,700,5,5,ADA,JAKSEL
"23,000,000,000",400,400,4,4,ADA,JAKSEL
"75,000,000,000",1050,1500,5,5,ADA,JAKSEL
"68,000,000,000",470,1000,5,5,ADA,JAKSEL
"135,000,000,000",850,1000,5,4,ADA,JAKSEL
"165,000,000,000",2122,1500,6,6,ADA,JAKSEL
"2,800,000,000",75,150,4,2,ADA,JAKSEL
"12,000,000,000",340,419,4,5,TIDAK ADA,JAKSEL
"11,000,000,000",769,400,4,3,ADA,JAKSEL
"33,000,000,000",329,526,5,4,ADA,JAKSEL
"85,000,000,000",770,500,4,4,ADA,JAKSEL
"3,000,000,000",250,267,4,4,ADA,JAKSEL
"65,000,000,000",586,600,5,4,ADA,JAKSEL
"7,350,000,000",200,444,27,27,ADA,JAKSEL
"40,000,000,000",340,850,5,5,ADA,JAKSEL
"120,000,000,000",1050,998,5,5,ADA,JAKSEL
"110,000,000,000",1050,2500,8,5,ADA,JAKSEL
"50,000,000,000",912,600,5,4,ADA,JAKSEL
"5,150,000,000",144,285,4,3,ADA,JAKSEL
"12,500,000,000",875,578,6,5,ADA,JAKSEL
"2,950,000,000",82,145,3,3,ADA,JAKSEL
"28,000,000,000",490,500,5,4,ADA,JAKSEL
"15,700,000,000",860,350,5,4,ADA,JAKSEL
"14,900,000,000",291,400,4,4,TIDAK ADA,JAKSEL
"15,000,000,000",542,452,5,5,ADA,JAKSEL
"14,500,000,000",325,450,3,3,ADA,JAKSEL
"72,000,000,000",855,589,5,3,ADA,JAKSEL
"5,200,000,000",390,250,3,2,ADA,JAKSEL
"7,500,000,000",105,275,3,3,ADA,JAKSEL
"75,000,000,000",3000,2000,4,4,ADA,JAKSEL
"8,500,000,000",226,330,5,5,ADA,JAKSEL
"12,500,000,000",340,419,4,4,TIDAK ADA,JAKSEL
"6,100,000,000",199,350,4,4,ADA,JAKSEL
"1,280,000,000",72,78,3,2,TIDAK ADA,JAKSEL
"30,000,000,000",1100,800,5,6,ADA,JAKSEL
"11,000,000,000",459,500,5,5,ADA,JAKSEL
"22,900,000,000",680,850,4,4,TIDAK ADA,JAKSEL
"9,500,000,000",460,550,4,5,TIDAK ADA,JAKSEL
"4,970,000,000",161,300,5,3,TIDAK ADA,JAKSEL
"42,000,000,000",709,500,3,4,TIDAK ADA,JAKSEL
"11,000,000,000",256,350,4,4,ADA,JAKSEL
"28,000,000,000",997,800,4,5,ADA,JAKSEL
"29,900,000,000",680,650,6,6,TIDAK ADA,JAKSEL
"12,900,000,000",1145,400,6,4,TIDAK ADA,JAKSEL
"4,800,000,000",340,275,4,3,ADA,JAKSEL
"7,000,000,000",248,240,4,2,TIDAK ADA,JAKSEL
"15,000,000,000",291,400,4,4,ADA,JAKSEL
"15,000,000,000",1148,500,4,4,ADA,JAKSEL
"7,300,000,000",385,270,3,2,ADA,JAKSEL
"4,200,000,000",151,145,4,4,ADA,JAKSEL
"4,500,000,000",203,100,4,3,ADA,JAKSEL
"23,200,000,000",400,350,4,3,ADA,JAKSEL
"34,000,000,000",525,525,4,4,ADA,JAKSEL
"7,500,000,000",149,325,5,3,TIDAK ADA,JAKSEL
"550,000,000",84,50,2,1,TIDAK ADA,JAKSEL
"22,000,000,000",616,800,6,5,ADA,JAKSEL
"1,200,000,000",60,70,3,2,ADA,JAKSEL
"38,000,000,000",320,1000,5,5,ADA,JAKSEL
"21,000,000,000",560,700,5,5,ADA,JAKSEL
"60,000,000,000",610,700,4,4,ADA,JAKSEL
"5,800,000,000",126,256,3,3,ADA,JAKSEL
"15,500,000,000",216,300,6,8,TIDAK ADA,JAKSEL
"45,000,000,000",483,1100,5,5,ADA,JAKSEL
"2,700,000,000",310,400,6,4,ADA,JAKSEL
"1,700,000,000",213,125,4,4,ADA,JAKSEL
"3,250,000,000",146,70,6,2,ADA,JAKSEL
"7,700,000,000",422,400,4,4,ADA,JAKSEL
"19,700,000,000",903,600,3,3,ADA,JAKSEL
"1,750,000,000",133,140,3,3,ADA,JAKSEL
"6,750,000,000",350,200,3,2,ADA,JAKSEL
"30,000,000,000",3000,500,4,4,ADA,JAKSEL
"23,000,000,000",348,468,4,4,ADA,JAKSEL
"5,000,000,000",212,195,4,3,ADA,JAKSEL
"55,000,000,000",4035,1500,6,6,TIDAK ADA,JAKSEL
"4,800,000,000",290,240,4,3,ADA,JAKSEL
"430,000,000",25,40,2,2,TIDAK ADA,JAKSEL
"4,900,000,000",130,320,3,2,ADA,JAKSEL
"15,000,000,000",290,400,4,3,ADA,JAKSEL
"28,000,000,000",404,837,4,4,ADA,JAKSEL
"13,000,000,000",616,600,5,4,ADA,JAKSEL
"15,500,000,000",480,600,22,10,ADA,JAKSEL
"10,500,000,000",1000,476,5,5,ADA,JAKSEL
"6,500,000,000",250,280,3,2,ADA,JAKSEL
"4,050,000,000",468,500,5,4,ADA,JAKSEL
"9,000,000,000",355,400,6,5,ADA,JAKSEL
"5,900,000,000",403,200,4,3,ADA,JAKSEL
"6,500,000,000",400,300,4,4,ADA,JAKSEL
"8,500,000,000",540,450,5,4,ADA,JAKSEL
"32,000,000,000",325,600,4,8,ADA,JAKSEL
"21,000,000,000",250,400,3,3,ADA,JAKSEL
"18,000,000,000",290,450,4,3,ADA,JAKSEL
"8,500,000,000",529,315,4,4,ADA,JAKSEL
"2,800,000,000",170,169,4,4,TIDAK ADA,JAKSEL
"28,000,000,000",830,400,8,4,TIDAK ADA,JAKSEL
"2,950,000,000",170,230,5,2,TIDAK ADA,JAKSEL
"7,300,000,000",230,350,5,3,ADA,JAKSEL
"11,000,000,000",268,400,5,4,ADA,JAKSEL
"5,900,000,000",160,176,3,2,ADA,JAKSEL
"8,000,000,000",555,284,4,5,ADA,JAKSEL
"4,000,000,000",164,217,3,3,ADA,JAKSEL
"1,300,000,000",62,110,3,3,ADA,JAKSEL
"1,230,000,000",60,65,2,2,TIDAK ADA,JAKSEL
"1,200,000,000",65,60,2,2,ADA,JAKSEL
"38,000,000,000",316,1000,5,5,ADA,JAKSEL
"4,500,000,000",567,300,3,2,ADA,JAKSEL
"6,000,000,000",347,120,4,3,ADA,JAKSEL
"25,000,000,000",700,1200,5,7,ADA,JAKSEL
"7,500,000,000",186,380,3,4,TIDAK ADA,JAKSEL
"7,000,000,000",200,300,3,3,TIDAK ADA,JAKSEL
"15,000,000,000",702,451,4,4,ADA,JAKSEL
"100,000,000,000",945,700,4,4,ADA,JAKSEL
"3,600,000,000",105,136,3,2,TIDAK ADA,JAKSEL
"6,500,000,000",210,330,4,4,TIDAK ADA,JAKSEL
"29,000,000,000",300,295,4,3,TIDAK ADA,JAKSEL
"95,000,000,000",3300,600,5,4,TIDAK ADA,JAKSEL
"28,000,000,000",404,837,4,4,TIDAK ADA,JAKSEL
"10,500,000,000",507,480,6,5,ADA,JAKSEL
"4,970,000,000",154,300,5,3,ADA,JAKSEL
"68,000,000,000",814,494,5,5,ADA,JAKSEL
"15,000,000,000",291,400,7,6,ADA,JAKSEL
"2,480,000,000",120,160,4,3,TIDAK ADA,JAKSEL
"13,500,000,000",380,400,5,4,ADA,JAKSEL
"11,000,000,000",378,350,4,1,ADA,JAKSEL
"2,190,000,000",111,125,3,2,ADA,JAKSEL
"4,350,000,000",105,220,3,3,ADA,JAKSEL
"7,800,000,000",206,300,4,4,ADA,JAKSEL
"30,000,000,000",458,400,4,4,TIDAK ADA,JAKSEL
"42,000,000,000",630,500,5,4,ADA,JAKSEL
"1,800,000,000",111,160,4,3,TIDAK ADA,JAKSEL
"3,900,000,000",360,250,5,3,TIDAK ADA,JAKSEL
"169,000,000,000",2122,1024,10,5,TIDAK ADA,JAKSEL
"7,500,000,000",220,305,4,4,TIDAK ADA,JAKSEL
"27,000,000,000",1752,712,3,2,ADA,JAKSEL
"6,800,000,000",210,262,4,3,ADA,JAKSEL
"10,500,000,000",300,378,4,3,TIDAK ADA,JAKSEL
"13,750,000,000",500,640,5,6,ADA,JAKSEL
"6,900,000,000",210,330,4,4,ADA,JAKSEL
"5,800,000,000",122,240,3,3,ADA,JAKSEL
"5,500,000,000",180,350,4,3,ADA,JAKSEL
"6,900,000,000",450,600,5,6,ADA,JAKSEL
"5,900,000,000",160,300,3,2,ADA,JAKSEL
"28,000,000,000",488,450,5,3,ADA,JAKSEL
"20,000,000,000",292,800,27,27,TIDAK ADA,JAKSEL
"77,500,000,000",1148,1200,8,6,ADA,JAKSEL
"3,250,000,000",105,140,3,3,ADA,JAKSEL
"1,600,000,000",229,160,3,2,TIDAK ADA,JAKSEL
"15,000,000,000",400,500,4,5,ADA,JAKSEL
"25,000,000,000",674,500,5,4,ADA,JAKSEL
"2,200,000,000",105,124,3,3,ADA,JAKSEL
"6,750,000,000",200,180,2,2,TIDAK ADA,JAKSEL
"3,600,000,000",136,180,3,2,TIDAK ADA,JAKSEL
"1,450,000,000",76,130,3,3,TIDAK ADA,JAKSEL
"6,400,000,000",235,310,5,4,ADA,JAKSEL
"1,750,000,000",133,130,3,3,ADA,JAKSEL
"6,750,000,000",187,337,6,4,ADA,JAKSEL
"85,000,000,000",1180,1200,5,6,ADA,JAKSEL
"65,000,000,000",472,1200,5,5,ADA,JAKSEL
"21,000,000,000",321,800,5,6,ADA,JAKSEL
"4,500,000,000",972,350,4,3,ADA,JAKSEL
"1,530,000,000",78,107,3,3,TIDAK ADA,JAKSEL
"3,500,000,000",169,215,4,4,ADA,JAKSEL
"1,100,000,000",65,100,3,3,ADA,JAKSEL
"3,700,000,000",540,350,4,2,ADA,JAKSEL
"16,000,000,000",488,550,6,5,ADA,JAKSEL
"4,500,000,000",209,270,4,4,ADA,JAKSEL
"29,000,000,000",692,400,4,3,TIDAK ADA,JAKSEL
"1,700,000,000",102,140,4,3,TIDAK ADA,JAKSEL
"1,250,000,000",63,110,3,3,TIDAK ADA,JAKSEL
