,HARGA,LT,LB,JKT,JKM,GRS,KOTA
0,28000000000,1100,700,5,6,1,Jakarta Selatan
1,19000000000,824,800,4,4,1,Jakarta Selatan
2,4700000000,500,400,4,3,1,Jakarta Selatan
3,4900000000,251,300,5,4,1,Jakarta Selatan
4,28000000000,1340,575,4,5,1,Jakarta Selatan
5,10000000000,460,300,4,4,1,Jakarta Selatan
6,7600000000,278,350,4,4,1,Jakarta Selatan
7,5250000000,511,300,3,2,1,Jakarta Selatan
8,670000000,70,69,3,2,0,Jakarta Selatan
9,480000000,66,42,2,1,0,Jakarta Selatan
10,10700000000,449,500,6,7,1,Jakarta Selatan
11,4200000000,109,188,2,3,1,Jakarta Selatan
12,8500000000,320,250,4,4,1,Jakarta Selatan
13,7000000000,384,400,4,4,1,Jakarta Selatan
14,20000000000,462,645,5,6,1,Jakarta Selatan
15,9500000000,212,300,4,4,1,Jakarta Selatan
16,13400000000,342,450,5,4,1,Jakarta Selatan
17,11000000000,410,700,4,4,1,Jakarta Selatan
18,5800000000,144,285,4,3,1,Jakarta Selatan
19,35000000000,985,400,4,3,1,Jakarta Selatan
20,14000000000,780,500,3,4,1,Jakarta Selatan
21,5000000000,217,450,4,4,1,Jakarta Selatan
22,40000000000,1500,700,4,4,1,Jakarta Selatan
23,7250000000,210,300,4,3,1,Jakarta Selatan
24,5200000000,110,200,3,3,1,Jakarta Selatan
25,25000000000,760,650,4,4,1,Jakarta Selatan
26,5680000000,151,245,3,3,1,Jakarta Selatan
27,10500000000,220,350,4,3,1,Jakarta Selatan
28,7050000000,128,315,3,3,1,Jakarta Selatan
29,9300000000,235,270,3,3,0,Jakarta Selatan
30,6500000000,100,250,4,3,1,Jakarta Selatan
31,68000000000,470,1000,5,5,1,Jakarta Selatan
32,3000000000,75,150,4,2,1,Jakarta Selatan
33,85000000000,770,500,4,4,1,Jakarta Selatan
34,19500000000,610,1000,6,5,1,Jakarta Selatan
35,20900000000,754,500,4,4,1,Jakarta Selatan
36,15500000000,440,350,4,3,1,Jakarta Selatan
37,14000000000,410,800,4,4,1,Jakarta Selatan
38,39000000000,973,1100,4,3,1,Jakarta Selatan
39,8000000000,251,320,4,4,1,Jakarta Selatan
40,20000000000,780,600,4,4,1,Jakarta Selatan
41,17500000000,954,600,4,3,1,Jakarta Selatan
42,34000000000,1186,900,6,5,1,Jakarta Selatan
43,7500000000,186,380,4,4,1,Jakarta Selatan
44,18500000000,358,500,4,5,1,Jakarta Selatan
45,5000000000,217,200,4,3,1,Jakarta Selatan
46,16000000000,535,600,4,4,1,Jakarta Selatan
47,13000000000,330,500,3,3,1,Jakarta Selatan
48,8000000000,250,320,4,3,1,Jakarta Selatan
49,17500000000,477,530,4,4,1,Jakarta Selatan
50,10500000000,282,450,4,4,1,Jakarta Selatan
51,35500000000,1312,850,5,4,1,Jakarta Selatan
52,16000000000,860,500,4,4,1,Jakarta Selatan
53,11700000000,246,347,4,3,1,Jakarta Selatan
54,18500000000,443,450,4,3,1,Jakarta Selatan
55,17500000000,389,400,4,3,1,Jakarta Selatan
56,6500000000,300,450,4,3,1,Jakarta Selatan
57,18500000000,433,600,4,4,1,Jakarta Selatan
58,25000000000,987,400,4,3,1,Jakarta Selatan
59,23000000000,817,500,6,4,1,Jakarta Selatan
60,12990000000,876,428,5,4,1,Jakarta Selatan
61,15000000000,887,300,3,2,1,Jakarta Selatan
62,13000000000,384,425,5,4,1,Jakarta Selatan
63,33000000000,458,400,4,4,1,Jakarta Selatan
64,9500000000,200,235,3,3,1,Jakarta Selatan
65,5750000000,144,285,4,4,1,Jakarta Selatan
66,19000000000,358,600,4,5,0,Jakarta Selatan
67,19000000000,550,480,4,4,1,Jakarta Selatan
68,21500000000,950,300,5,4,1,Jakarta Selatan
69,5200000000,164,140,3,3,1,Jakarta Selatan
70,14000000000,460,400,4,3,1,Jakarta Selatan
71,55000000000,1487,1200,6,4,1,Jakarta Selatan
72,6250000000,158,400,4,2,1,Jakarta Selatan
73,29000000000,1186,800,9,8,1,Jakarta Selatan
74,8000000000,323,317,5,4,1,Jakarta Selatan
75,8500000000,502,250,4,4,1,Jakarta Selatan
76,18000000000,916,147,5,7,1,Jakarta Selatan
77,4500000000,109,188,2,3,1,Jakarta Selatan
78,10000000000,395,450,5,5,1,Jakarta Selatan
79,4250000000,152,275,3,3,1,Jakarta Selatan
80,4500000000,138,250,5,4,0,Jakarta Selatan
81,2800000000,100,150,3,3,0,Jakarta Selatan
82,15000000000,2010,800,4,3,1,Jakarta Selatan
83,7800000000,188,367,3,3,1,Jakarta Selatan
84,21000000000,500,525,4,5,1,Jakarta Selatan
85,38000000000,1229,800,4,4,1,Jakarta Selatan
86,29950000000,1000,600,4,4,1,Jakarta Selatan
87,7500000000,350,350,6,6,0,Jakarta Selatan
88,25000000000,987,400,4,3,0,Jakarta Selatan
89,36000000000,626,500,5,3,1,Jakarta Selatan
90,20000000000,472,650,6,5,0,Jakarta Selatan
91,29000000000,1186,600,8,9,0,Jakarta Selatan
92,5500000000,234,115,2,2,1,Jakarta Selatan
93,16590000000,405,495,4,4,1,Jakarta Selatan
94,33500000000,1000,800,5,6,0,Jakarta Selatan
95,21000000000,802,904,4,3,1,Jakarta Selatan
96,7720000000,125,298,4,4,1,Jakarta Selatan
97,22000000000,1019,650,4,3,1,Jakarta Selatan
98,18500000000,180,600,4,4,1,Jakarta Selatan
99,16500000000,933,600,5,5,1,Jakarta Selatan
100,11980000000,241,572,4,5,1,Jakarta Selatan
101,8500000000,250,250,4,4,1,Jakarta Selatan
102,7700000000,190,350,3,2,1,Jakarta Selatan
103,4200000000,270,300,4,4,1,Jakarta Selatan
104,15700000000,860,325,5,4,1,Jakarta Selatan
105,17000000000,916,147,5,7,1,Jakarta Selatan
106,8000000000,323,317,5,4,1,Jakarta Selatan
107,9550000000,251,288,3,3,1,Jakarta Selatan
108,7600000000,278,350,4,4,1,Jakarta Selatan
109,10200000000,320,360,6,4,1,Jakarta Selatan
110,5900000000,240,350,4,4,1,Jakarta Selatan
111,6000000000,178,309,4,3,1,Jakarta Selatan
112,10800000000,438,540,6,5,1,Jakarta Selatan
113,55000000000,1500,1200,7,6,1,Jakarta Selatan
114,14000000000,714,750,5,3,0,Jakarta Selatan
115,6900000000,358,450,4,3,1,Jakarta Selatan
116,55000000000,1497,1200,5,5,1,Jakarta Selatan
117,17500000000,1056,600,5,5,1,Jakarta Selatan
118,3500000000,100,156,5,4,1,Jakarta Selatan
119,15500000000,340,500,4,4,1,Jakarta Selatan
120,6900000000,188,350,3,3,0,Jakarta Selatan
121,16000000000,407,575,5,4,1,Jakarta Selatan
122,11900000000,241,571,4,5,1,Jakarta Selatan
123,7500000000,188,351,3,3,1,Jakarta Selatan
124,40000000000,1500,700,4,4,1,Jakarta Selatan
125,12500000000,371,300,4,4,0,Jakarta Selatan
126,11000000000,438,540,8,4,0,Jakarta Selatan
127,55000000000,1500,1200,6,6,1,Jakarta Selatan
128,12000000000,512,350,3,4,0,Jakarta Selatan
129,6500000000,230,400,4,4,1,Jakarta Selatan
130,13940000000,539,610,4,4,0,Jakarta Selatan
131,5700000000,168,170,3,3,0,Jakarta Selatan
132,8000000000,350,350,10,5,0,Jakarta Selatan
133,6900000000,128,315,3,3,0,Jakarta Selatan
134,8000000000,190,420,4,4,1,Jakarta Selatan
135,5500000000,107,311,4,3,1,Jakarta Selatan
136,10700000000,400,300,4,3,1,Jakarta Selatan
137,21000000000,1042,552,5,4,1,Jakarta Selatan
138,6500000000,200,300,4,4,1,Jakarta Selatan
139,16000000000,447,500,4,4,1,Jakarta Selatan
140,13500000000,385,525,5,4,1,Jakarta Selatan
141,15750000000,1060,375,3,2,1,Jakarta Selatan
142,23000000000,558,553,8,6,1,Jakarta Selatan
143,21000000000,1042,550,7,6,1,Jakarta Selatan
144,19300000000,1287,700,5,3,1,Jakarta Selatan
145,4300000000,124,187,3,3,1,Jakarta Selatan
146,20000000000,550,650,4,4,1,Jakarta Selatan
147,9550000000,251,288,4,4,0,Jakarta Selatan
148,22000000000,455,570,4,5,1,Jakarta Selatan
149,23000000000,650,600,5,5,1,Jakarta Selatan
150,55000000000,1500,1000,5,6,1,Jakarta Selatan
151,17500000000,430,820,5,6,1,Jakarta Selatan
152,8000000000,299,400,4,4,1,Jakarta Selatan
153,4600000000,109,180,2,3,1,Jakarta Selatan
154,15000000000,714,750,5,5,1,Jakarta Selatan
155,18000000000,600,400,6,6,1,Jakarta Selatan
156,1370000000,425,216,4,4,0,Jakarta Selatan
157,21000000000,1100,700,5,4,0,Jakarta Selatan
158,12000000000,315,609,5,4,1,Jakarta Selatan
159,24300000000,1944,1944,5,4,1,Jakarta Selatan
160,8000000000,380,450,5,5,1,Jakarta Selatan
161,18900000000,470,660,4,4,0,Jakarta Selatan
162,3200000000,78,65,3,2,1,Jakarta Selatan
163,21900000000,377,260,6,5,1,Jakarta Selatan
164,5600000000,269,300,4,4,1,Jakarta Selatan
165,5000000000,176,400,5,2,1,Jakarta Selatan
166,15000000000,714,750,5,5,1,Jakarta Selatan
167,4800000000,276,200,4,3,1,Jakarta Selatan
168,17000000000,663,530,7,8,1,Jakarta Selatan
169,7800000000,250,300,4,4,1,Jakarta Selatan
170,15000000000,755,416,7,6,1,Jakarta Selatan
171,13500000000,384,450,4,4,1,Jakarta Selatan
172,26500000000,1047,500,5,3,1,Jakarta Selatan
173,7500000000,170,300,4,3,1,Jakarta Selatan
174,11900000000,239,568,4,4,1,Jakarta Selatan
175,17500000000,477,520,4,3,1,Jakarta Selatan
176,15500000000,633,530,5,3,1,Jakarta Selatan
177,5500000000,188,314,4,4,1,Jakarta Selatan
178,9900000000,741,411,5,5,1,Jakarta Selatan
179,8650000000,225,518,4,4,1,Jakarta Selatan
180,3650000000,78,185,3,3,1,Jakarta Selatan
181,18500000000,660,600,5,4,1,Jakarta Selatan
182,3600000000,164,150,4,4,1,Jakarta Selatan
183,3400000000,95,156,4,3,1,Jakarta Selatan
184,18000000000,786,1000,6,7,1,Jakarta Selatan
185,17900000000,450,400,4,3,1,Jakarta Selatan
186,4500000000,124,184,3,3,0,Jakarta Selatan
187,4500000000,300,235,4,4,1,Jakarta Selatan
188,18000000000,600,500,6,6,1,Jakarta Selatan
189,15000000000,741,750,5,5,1,Jakarta Selatan
190,8000000000,380,450,5,5,1,Jakarta Selatan
191,18900000000,470,660,4,4,0,Jakarta Selatan
192,21900000000,377,260,6,5,1,Jakarta Selatan
193,5600000000,269,300,4,4,1,Jakarta Selatan
194,4000000000,117,221,4,3,1,Jakarta Selatan
195,20980000000,959,455,6,5,1,Jakarta Selatan
196,3400000000,95,156,4,3,1,Jakarta Selatan
197,25000000000,1100,550,5,4,1,Jakarta Selatan
198,11500000000,400,416,5,3,1,Jakarta Selatan
199,11510000000,233,544,7,7,0,Jakarta Selatan
200,3600000000,78,185,4,4,0,Jakarta Selatan
201,15000000000,250,460,4,4,1,Jakarta Selatan
202,17500000000,518,450,5,7,1,Jakarta Selatan
203,4000000000,117,221,4,3,1,Jakarta Selatan
204,8000000000,350,350,2,1,0,Jakarta Selatan
205,20000000000,550,600,5,5,1,Jakarta Selatan
206,30000000000,555,527,8,6,1,Jakarta Selatan
207,27000000000,670,650,4,4,1,Jakarta Selatan
208,20000000000,1040,600,4,3,1,Jakarta Selatan
209,15750000000,598,243,4,4,1,Jakarta Selatan
210,34500000000,974,800,5,6,1,Jakarta Selatan
211,4300000000,124,184,3,3,1,Jakarta Selatan
212,8500000000,230,310,5,3,0,Jakarta Selatan
213,9500000000,225,400,3,3,1,Jakarta Selatan
214,19000000000,520,500,5,5,1,Jakarta Selatan
215,13000000000,208,458,4,3,1,Jakarta Selatan
216,11900000000,239,568,4,4,1,Jakarta Selatan
217,13000000000,616,600,5,4,1,Jakarta Selatan
218,20000000000,890,600,5,5,1,Jakarta Selatan
219,7500000000,186,380,3,3,1,Jakarta Selatan
220,6150000000,158,400,3,3,1,Jakarta Selatan
221,10500000000,500,700,4,4,1,Jakarta Selatan
222,13500000000,384,450,4,4,1,Jakarta Selatan
223,55000000000,1475,1200,5,6,1,Jakarta Selatan
224,19000000000,358,635,4,5,1,Jakarta Selatan
225,13900000000,450,248,4,4,1,Jakarta Selatan
226,29500000000,923,429,9,5,0,Jakarta Selatan
227,22000000000,455,570,4,5,1,Jakarta Selatan
228,60000000000,1500,1200,6,6,1,Jakarta Selatan
229,13000000000,314,450,4,4,1,Jakarta Selatan
230,16000000000,895,420,5,5,1,Jakarta Selatan
231,18000000000,968,600,4,3,1,Jakarta Selatan
232,30000000000,1000,800,5,6,1,Jakarta Selatan
233,47000000000,1375,1400,5,5,1,Jakarta Selatan
234,6000000000,206,300,4,4,1,Jakarta Selatan
235,9550000000,251,288,4,5,0,Jakarta Selatan
236,32000000000,973,1100,5,5,1,Jakarta Selatan
237,19000000000,435,650,4,4,1,Jakarta Selatan
238,55000000000,1500,1200,6,6,1,Jakarta Selatan
239,17000000000,624,557,6,5,0,Jakarta Selatan
240,19000000000,870,700,6,4,1,Jakarta Selatan
241,14700000000,474,455,4,5,1,Jakarta Selatan
242,13800000000,260,360,6,5,1,Jakarta Selatan
243,15000000000,450,400,4,3,0,Jakarta Selatan
244,10000000000,160,250,3,4,1,Jakarta Selatan
245,6250000000,150,440,3,2,1,Jakarta Selatan
246,7800000000,200,390,4,4,1,Jakarta Selatan
247,6800000000,137,285,4,3,1,Jakarta Selatan
248,15000000000,398,500,5,4,1,Jakarta Selatan
249,19000000000,916,1000,5,7,0,Jakarta Selatan
250,6750000000,217,193,4,4,0,Jakarta Selatan
251,28000000000,330,300,3,3,1,Jakarta Selatan
252,17000000000,921,310,3,3,1,Jakarta Selatan
253,11900000000,260,365,4,4,1,Jakarta Selatan
254,9530000000,150,523,3,3,0,Jakarta Selatan
255,10400000000,282,280,4,3,1,Jakarta Selatan
256,6500000000,138,290,4,3,1,Jakarta Selatan
257,15000000000,658,500,3,3,1,Jakarta Selatan
258,6000000000,200,272,4,4,1,Jakarta Selatan
259,6900000000,137,315,3,2,1,Jakarta Selatan
260,16000000000,521,470,7,6,1,Jakarta Selatan
261,19000000000,400,788,4,3,1,Jakarta Selatan
262,25000000000,865,450,4,4,1,Jakarta Selatan
263,15500000000,1100,600,4,4,1,Jakarta Selatan
264,12600000000,540,800,5,4,0,Jakarta Selatan
265,7900000000,228,465,4,4,1,Jakarta Selatan
266,20000000000,462,645,5,5,1,Jakarta Selatan
267,5000000000,143,200,3,3,1,Jakarta Selatan
268,18000000000,1900,650,6,6,1,Jakarta Selatan
269,1100000000,90,180,3,3,1,Jakarta Selatan
270,6500000000,427,300,4,4,1,Jakarta Selatan
271,17000000000,407,850,6,5,1,Jakarta Selatan
272,6500000000,217,195,4,3,1,Jakarta Selatan
273,8500000000,307,400,4,5,1,Jakarta Selatan
274,13500000000,429,600,5,4,1,Jakarta Selatan
275,850000000,76,60,2,2,0,Jakarta Selatan
276,14000000000,460,500,5,4,1,Jakarta Selatan
277,11200000000,371,250,6,3,1,Jakarta Selatan
278,7700000000,200,373,4,3,1,Jakarta Selatan
279,10000000000,388,343,4,4,1,Jakarta Selatan
280,13500000000,282,380,4,4,1,Jakarta Selatan
281,13000000000,410,800,4,4,0,Jakarta Selatan
282,27000000000,660,800,5,4,1,Jakarta Selatan
283,19000000000,435,650,4,4,1,Jakarta Selatan
284,7000000000,384,400,4,4,1,Jakarta Selatan
285,27500000000,1068,300,5,3,1,Jakarta Selatan
286,17000000000,465,640,3,4,0,Jakarta Selatan
287,10000000000,475,600,5,5,0,Jakarta Selatan
288,6800000000,210,275,3,2,1,Jakarta Selatan
289,21000000000,754,500,4,4,1,Jakarta Selatan
290,25000000000,1340,600,8,5,1,Jakarta Selatan
291,16000000000,521,471,5,5,1,Jakarta Selatan
292,6000000000,329,500,5,3,0,Jakarta Selatan
293,21000000000,1018,600,4,4,0,Jakarta Selatan
294,33000000000,1100,450,4,4,1,Jakarta Selatan
295,2790000000,180,250,3,3,1,Jakarta Selatan
296,8500000000,307,400,7,6,0,Jakarta Selatan
297,1930000000,111,135,3,3,0,Jakarta Selatan
298,14000000000,410,800,4,4,1,Jakarta Selatan
299,12750000000,500,400,4,3,0,Jakarta Selatan
300,5000000000,188,260,4,3,1,Jakarta Selatan
301,25000000000,1040,600,4,3,0,Jakarta Selatan
302,25000000000,1000,600,9,5,1,Jakarta Selatan
303,85500000000,1500,1300,5,5,1,Jakarta Selatan
304,5400000000,165,297,3,3,1,Jakarta Selatan
305,14000000000,380,350,6,4,1,Jakarta Selatan
306,5600000000,151,254,4,3,1,Jakarta Selatan
307,38000000000,1390,750,6,4,0,Jakarta Selatan
308,30000000000,557,400,4,3,0,Jakarta Selatan
309,17500000000,518,450,5,7,1,Jakarta Selatan
310,39500000000,1960,900,5,4,1,Jakarta Selatan
311,15000000000,395,460,4,4,1,Jakarta Selatan
312,13000000000,235,623,5,5,0,Jakarta Selatan
313,8500000000,434,380,5,2,0,Jakarta Selatan
314,45000000000,836,600,4,4,1,Jakarta Selatan
315,10000000000,230,350,3,2,1,Jakarta Selatan
316,20000000000,425,500,5,4,1,Jakarta Selatan
317,5800000000,144,285,4,3,1,Jakarta Selatan
318,20900000000,754,500,4,4,1,Jakarta Selatan
319,24000000000,832,650,4,1,0,Jakarta Selatan
320,23000000000,800,400,4,4,1,Jakarta Selatan
321,9000000000,256,245,4,4,0,Jakarta Selatan
322,1350000000,72,150,3,3,0,Jakarta Selatan
323,23000000000,800,500,5,4,0,Jakarta Selatan
324,14000000000,464,350,4,3,1,Jakarta Selatan
325,15000000000,733,140,2,2,0,Jakarta Selatan
326,6500000000,500,400,17,18,1,Jakarta Selatan
327,6800000000,376,352,5,5,0,Jakarta Selatan
328,10500000000,320,360,6,4,1,Jakarta Selatan
329,20000000000,442,600,3,4,1,Jakarta Selatan
330,16000000000,895,420,5,4,1,Jakarta Selatan
331,15000000000,400,500,4,4,0,Jakarta Selatan
332,9000000000,240,380,3,3,1,Jakarta Selatan
333,33000000000,1750,700,6,6,1,Jakarta Selatan
334,6200000000,450,550,4,4,1,Jakarta Selatan
335,40000000000,600,500,8,5,1,Jakarta Selatan
336,14500000000,240,450,4,4,1,Jakarta Selatan
337,25000000000,900,600,4,3,0,Jakarta Selatan
338,6200000000,376,352,4,2,1,Jakarta Selatan
339,38000000000,2880,1000,7,6,1,Jakarta Selatan
340,9000000000,350,650,4,3,1,Jakarta Selatan
341,7000000000,251,325,3,3,0,Jakarta Selatan
342,9900000000,452,200,3,2,1,Jakarta Selatan
343,15000000000,291,400,4,4,1,Jakarta Selatan
344,16000000000,445,1200,6,6,1,Jakarta Selatan
345,9000000000,300,300,4,3,1,Jakarta Selatan
346,25000000000,700,500,4,4,1,Jakarta Selatan
347,10000000000,468,410,4,3,1,Jakarta Selatan
348,9500000000,350,430,4,4,0,Jakarta Selatan
349,30000000000,778,320,3,2,0,Jakarta Selatan
350,15000000000,923,900,5,4,0,Jakarta Selatan
351,20000000000,1050,650,4,4,1,Jakarta Selatan
352,15000000000,530,633,4,3,0,Jakarta Selatan
353,5900000000,188,314,4,4,0,Jakarta Selatan
354,185000000000,6790,10000,5,5,1,Jakarta Selatan
355,17800000000,430,500,4,4,1,Jakarta Selatan
356,11500000000,375,400,5,4,1,Jakarta Selatan
357,12000000000,340,600,11,11,1,Jakarta Selatan
358,50000000000,325,500,3,3,1,Jakarta Selatan
359,7900000000,266,475,4,4,1,Jakarta Selatan
360,7000000000,250,280,3,3,1,Jakarta Selatan
361,7000000000,230,400,4,4,1,Jakarta Selatan
362,20000000000,600,890,6,6,1,Jakarta Selatan
363,11000000000,575,210,4,3,1,Jakarta Selatan
364,22000000000,1860,400,4,4,1,Jakarta Selatan
365,20000000000,610,1000,6,6,0,Jakarta Selatan
366,16000000000,835,600,5,5,0,Jakarta Selatan
367,8750000000,158,400,3,3,1,Jakarta Selatan
368,39000000000,1900,1000,6,5,0,Jakarta Selatan
369,10500000000,424,313,7,4,1,Jakarta Selatan
370,14000000000,651,350,5,3,1,Jakarta Selatan
371,11000000000,400,225,4,3,1,Jakarta Selatan
372,24000000000,354,350,3,3,1,Jakarta Selatan
373,14500000000,600,500,5,4,1,Jakarta Selatan
374,8500000000,200,400,4,4,1,Jakarta Selatan
375,9900000000,611,500,7,4,1,Jakarta Selatan
376,21000000000,557,882,5,4,1,Jakarta Selatan
377,6000000000,144,250,4,3,1,Jakarta Selatan
378,14000000000,661,800,4,4,0,Jakarta Selatan
379,12900000000,539,610,4,4,1,Jakarta Selatan
380,17640000000,503,541,4,3,1,Jakarta Selatan
381,12000000000,600,500,4,4,1,Jakarta Selatan
382,10000000000,237,250,4,3,1,Jakarta Selatan
383,3790000000,248,248,4,2,0,Jakarta Selatan
384,9000000000,600,400,4,3,0,Jakarta Selatan
385,250000000000,6000,1500,5,5,1,Jakarta Selatan
386,9500000000,274,258,3,3,1,Jakarta Selatan
387,17500000000,518,450,5,7,1,Jakarta Selatan
388,8250000000,159,278,3,3,1,Jakarta Selatan
389,4300000000,123,190,3,3,0,Jakarta Selatan
390,4300000000,152,230,4,2,0,Jakarta Selatan
391,5620000000,122,311,3,3,1,Jakarta Selatan
392,3250000000,240,200,3,3,1,Jakarta Selatan
393,6500000000,144,285,4,3,1,Jakarta Selatan
394,25000000000,1020,800,5,3,1,Jakarta Selatan
395,23000000000,752,400,4,3,1,Jakarta Selatan
396,17700000000,860,750,5,4,1,Jakarta Selatan
397,7700000000,190,300,3,2,1,Jakarta Selatan
398,16000000000,465,640,4,4,1,Jakarta Selatan
399,6000000000,200,272,4,4,1,Jakarta Selatan
400,15000000000,500,765,4,4,1,Jakarta Selatan
401,25000000000,685,450,4,4,1,Jakarta Selatan
402,20000000000,910,450,5,4,1,Jakarta Selatan
403,15000000000,580,220,4,3,0,Jakarta Selatan
404,8500000000,246,221,3,3,1,Jakarta Selatan
405,4000000000,125,125,3,3,1,Jakarta Selatan
406,11500000000,400,300,3,3,1,Jakarta Selatan
407,27500000000,1010,605,6,6,1,Jakarta Selatan
408,6000000000,182,500,4,3,1,Jakarta Selatan
409,17500000000,477,550,4,4,1,Jakarta Selatan
410,17000000000,300,475,5,4,1,Jakarta Selatan
411,7500000000,259,410,4,3,1,Jakarta Selatan
412,28000000000,572,450,8,7,1,Jakarta Selatan
413,7000000000,349,349,9,5,1,Jakarta Selatan
414,9000000000,200,480,4,3,1,Jakarta Selatan
415,39000000000,973,1100,4,4,1,Jakarta Selatan
416,42000000000,2131,1600,5,5,1,Jakarta Selatan
417,4000000000,219,103,4,2,1,Jakarta Selatan
418,9000000000,490,350,4,3,1,Jakarta Selatan
419,25000000000,1000,800,4,3,1,Jakarta Selatan
420,3800000000,153,180,4,3,0,Jakarta Selatan
421,15000000000,506,400,3,3,0,Jakarta Selatan
422,17000000000,465,640,4,4,1,Jakarta Selatan
423,7300000000,278,350,4,4,1,Jakarta Selatan
424,8500000000,250,400,4,4,1,Jakarta Selatan
425,55000000000,2641,1000,4,3,1,Jakarta Selatan
426,17000000000,851,450,4,3,1,Jakarta Selatan
427,17000000000,392,327,4,4,1,Jakarta Selatan
428,10000000000,402,236,3,3,1,Jakarta Selatan
429,12000000000,254,370,4,4,1,Jakarta Selatan
430,10500000000,380,300,3,3,1,Jakarta Selatan
431,17500000000,417,560,4,4,1,Jakarta Selatan
432,5250000000,135,250,3,4,1,Jakarta Selatan
433,13500000000,565,380,3,3,1,Jakarta Selatan
434,10500000000,220,350,4,3,1,Jakarta Selatan
435,17000000000,440,350,4,4,1,Jakarta Selatan
436,7900000000,356,450,4,3,1,Jakarta Selatan
437,18600000000,474,455,4,4,0,Jakarta Selatan
438,35000000000,1200,900,6,6,1,Jakarta Selatan
439,25000000000,670,650,3,3,0,Jakarta Selatan
440,22000000000,754,500,4,4,1,Jakarta Selatan
441,68000000000,2595,1000,5,5,1,Jakarta Selatan
442,6500000000,266,350,4,4,1,Jakarta Selatan
443,2500000000,200,120,3,3,1,Jakarta Selatan
444,22000000000,754,500,4,4,1,Jakarta Selatan
445,22000000000,888,450,4,3,1,Jakarta Selatan
446,5100000000,120,210,4,3,0,Jakarta Selatan
447,9200000000,231,389,3,3,1,Jakarta Selatan
448,36000000000,1200,850,5,4,0,Jakarta Selatan
449,7900000000,205,357,4,4,0,Jakarta Selatan
450,5800000000,250,350,4,4,1,Jakarta Selatan
451,11000000000,230,350,4,4,1,Jakarta Selatan
452,4900000000,340,210,3,2,1,Jakarta Selatan
453,23000000000,806,700,4,4,1,Jakarta Selatan
454,17000000000,440,350,4,4,1,Jakarta Selatan
455,8200000000,188,330,3,3,1,Jakarta Selatan
456,9500000000,251,295,4,4,1,Jakarta Selatan
457,6500000000,266,350,4,3,1,Jakarta Selatan
458,27000000000,900,400,4,3,1,Jakarta Selatan
459,16500000000,600,400,7,4,1,Jakarta Selatan
460,35000000000,2000,800,4,4,0,Jakarta Selatan
461,6200000000,142,311,3,2,1,Jakarta Selatan
462,15000000000,912,484,6,3,1,Jakarta Selatan
463,9500000000,251,295,4,4,1,Jakarta Selatan
464,23000000000,806,700,4,4,1,Jakarta Selatan
465,7370000000,211,465,4,4,1,Jakarta Selatan
466,19500000000,850,750,3,2,1,Jakarta Selatan
467,5800000000,122,289,3,3,1,Jakarta Selatan
468,33000000000,1100,800,5,5,1,Jakarta Selatan
469,22500000000,500,536,5,5,1,Jakarta Selatan
470,4200000000,110,165,4,3,1,Jakarta Selatan
471,16950000000,387,250,1,1,1,Jakarta Selatan
472,13000000000,616,650,4,4,1,Jakarta Selatan
473,18000000000,670,385,4,4,1,Jakarta Selatan
474,7000000000,140,215,4,4,1,Jakarta Selatan
475,5000000000,234,350,4,4,1,Jakarta Selatan
476,38500000000,1420,550,8,5,1,Jakarta Selatan
477,15000000000,395,420,4,4,1,Jakarta Selatan
478,13500000000,230,400,3,2,1,Jakarta Selatan
479,13000000000,372,450,4,4,1,Jakarta Selatan
480,8500000000,250,400,4,4,1,Jakarta Selatan
481,17000000000,786,1000,6,7,0,Jakarta Selatan
482,43000000000,1350,750,5,5,1,Jakarta Selatan
483,13000000000,235,623,4,4,0,Jakarta Selatan
484,22000000000,1000,800,5,4,0,Jakarta Selatan
485,9950000000,212,300,4,3,1,Jakarta Selatan
486,12500000000,512,350,3,3,1,Jakarta Selatan
487,16000000000,578,500,5,4,1,Jakarta Selatan
488,22600000000,754,500,4,4,1,Jakarta Selatan
489,75000000000,1830,1000,5,4,1,Jakarta Selatan
490,30000000000,1100,500,4,4,1,Jakarta Selatan
491,20000000000,897,450,4,4,1,Jakarta Selatan
492,15000000000,733,140,2,2,1,Jakarta Selatan
493,19000000000,435,500,4,4,1,Jakarta Selatan
494,8700000000,229,327,4,3,1,Jakarta Selatan
495,25000000000,670,671,4,4,0,Jakarta Selatan
496,19000000000,520,600,4,4,0,Jakarta Selatan
497,35000000000,900,800,7,5,1,Jakarta Selatan
498,18000000000,677,450,4,3,0,Jakarta Selatan
499,15000000000,415,150,3,2,1,Jakarta Selatan
500,9500000000,350,460,6,5,1,Jakarta Selatan
501,25500000000,1020,816,5,3,0,Jakarta Selatan
502,16000000000,1095,450,3,4,1,Jakarta Selatan
503,15000000000,940,320,2,2,1,Jakarta Selatan
504,22000000000,824,600,7,4,1,Jakarta Selatan
505,6900000000,243,260,4,4,1,Jakarta Selatan
506,20000000000,429,499,4,4,1,Jakarta Selatan
507,45000000000,1466,900,9,9,1,Jakarta Selatan
508,60000000000,2360,542,6,8,1,Jakarta Selatan
509,10800000000,472,650,6,3,1,Jakarta Selatan
510,56000000000,1470,2000,7,7,1,Jakarta Selatan
511,14400000000,474,455,3,4,1,Jakarta Selatan
512,60000000000,2630,542,6,8,0,Jakarta Selatan
513,9500000000,278,400,3,2,1,Jakarta Selatan
514,19000000000,430,500,4,5,1,Jakarta Selatan
515,40000000000,973,1100,4,4,1,Jakarta Selatan
516,175230000000,4574,4271,4,4,1,Jakarta Selatan
517,19500000000,834,780,6,3,0,Jakarta Selatan
518,17000000000,392,450,4,4,1,Jakarta Selatan
519,16000000000,1095,450,3,4,1,Jakarta Selatan
520,13000000000,407,850,4,4,1,Jakarta Selatan
521,21000000000,817,500,4,3,0,Jakarta Selatan
522,19000000000,800,500,5,4,1,Jakarta Selatan
523,1880000000,90,135,3,3,1,Jakarta Selatan
524,5100000000,140,250,3,2,0,Jakarta Selatan
525,12000000000,572,432,5,6,1,Jakarta Selatan
526,8000000000,350,350,5,5,1,Jakarta Selatan
527,17000000000,389,450,7,4,1,Jakarta Selatan
528,49000000000,943,600,7,4,1,Jakarta Selatan
529,6000000000,144,250,4,3,1,Jakarta Selatan
530,12000000000,230,300,5,4,1,Jakarta Selatan
531,17000000000,470,660,4,4,1,Jakarta Selatan
532,10500000000,220,325,4,3,1,Jakarta Selatan
533,950000000,50,80,3,2,0,Jakarta Selatan
534,9500000000,462,350,3,3,1,Jakarta Selatan
535,19000000000,358,500,4,5,1,Jakarta Selatan
536,25500000000,1020,816,4,4,1,Jakarta Selatan
537,2800000000,70,125,3,3,0,Jakarta Selatan
538,18500000000,358,500,4,4,1,Jakarta Selatan
539,22000000000,780,580,4,4,0,Jakarta Selatan
540,5500000000,150,210,4,4,1,Jakarta Selatan
541,10500000000,500,700,4,4,1,Jakarta Selatan
542,17000000000,465,640,4,5,1,Jakarta Selatan
543,5680000000,151,245,3,3,1,Jakarta Selatan
544,15000000000,400,800,4,4,0,Jakarta Selatan
545,13500000000,615,500,4,5,0,Jakarta Selatan
546,4800000000,200,260,5,7,0,Jakarta Selatan
547,14000000000,350,250,3,3,1,Jakarta Selatan
548,19000000000,520,500,5,5,0,Jakarta Selatan
549,17000000000,389,450,4,4,1,Jakarta Selatan
550,13500000000,1034,900,6,5,1,Jakarta Selatan
551,8500000000,307,400,7,6,0,Jakarta Selatan
552,9500000000,458,300,5,4,1,Jakarta Selatan
553,40000000000,1050,800,27,21,1,Jakarta Selatan
554,18000000000,900,500,4,4,1,Jakarta Selatan
555,6700000000,285,258,4,4,0,Jakarta Selatan
556,37500000000,680,1250,6,5,1,Jakarta Selatan
557,26000000000,600,450,4,4,1,Jakarta Selatan
558,15000000000,500,1000,5,5,1,Jakarta Selatan
559,33000000000,585,900,7,6,1,Jakarta Selatan
560,8500000000,250,300,4,4,1,Jakarta Selatan
561,22000000000,900,1800,4,3,1,Jakarta Selatan
562,7900000000,220,300,3,3,1,Jakarta Selatan
563,11160000000,248,333,4,4,1,Jakarta Selatan
564,19500000000,443,450,5,3,0,Jakarta Selatan
565,10000000000,475,600,5,5,0,Jakarta Selatan
566,1100000000,59,80,3,2,1,Jakarta Selatan
567,7190000000,207,245,3,3,1,Jakarta Selatan
568,9000000000,200,300,5,4,1,Jakarta Selatan
569,5700000000,144,325,3,3,1,Jakarta Selatan
570,36000000000,1300,850,5,4,0,Jakarta Selatan
571,17000000000,663,530,5,4,1,Jakarta Selatan
572,23000000000,650,600,5,5,0,Jakarta Selatan
573,1140000000,60,60,3,2,0,Jakarta Selatan
574,12500000000,512,350,3,3,1,Jakarta Selatan
575,16000000000,587,350,4,3,1,Jakarta Selatan
576,5800000000,144,285,4,3,0,Jakarta Selatan
577,17000000000,536,900,7,2,1,Jakarta Selatan
578,14000000000,464,360,4,3,0,Jakarta Selatan
579,17500000000,518,450,5,7,1,Jakarta Selatan
580,26000000000,900,500,7,4,0,Jakarta Selatan
581,11500000000,547,500,4,3,1,Jakarta Selatan
582,19000000000,800,500,5,3,0,Jakarta Selatan
583,19000000000,800,500,5,4,1,Jakarta Selatan
584,3600000000,164,150,4,4,1,Jakarta Selatan
585,5300000000,90,205,3,3,1,Jakarta Selatan
586,11000000000,436,300,6,5,0,Jakarta Selatan
587,6620000000,135,225,5,4,0,Jakarta Selatan
588,5500000000,164,240,4,3,1,Jakarta Selatan
589,19800000000,1039,430,5,4,0,Jakarta Selatan
590,40000000000,1752,712,3,4,0,Jakarta Selatan
591,10000000000,395,450,5,5,1,Jakarta Selatan
592,6500000000,124,300,3,3,1,Jakarta Selatan
593,6800000000,145,330,4,1,1,Jakarta Selatan
594,9000000000,450,700,4,4,0,Jakarta Selatan
595,4500000000,240,355,4,3,1,Jakarta Selatan
596,24500000000,876,600,8,5,0,Jakarta Selatan
597,5800000000,144,325,3,3,1,Jakarta Selatan
598,10500000000,500,700,4,4,1,Jakarta Selatan
599,15500000000,440,350,6,4,0,Jakarta Selatan
600,7000000000,272,310,5,3,1,Jakarta Selatan
601,14500000000,600,643,5,5,1,Jakarta Selatan
602,5500000000,150,210,4,4,1,Jakarta Selatan
603,17000000000,670,800,5,5,1,Jakarta Selatan
604,18500000000,443,450,5,5,1,Jakarta Selatan
605,4400000000,236,158,6,4,0,Jakarta Selatan
606,14000000000,460,400,4,3,1,Jakarta Selatan
607,19800000000,1039,430,5,3,1,Jakarta Selatan
608,6800000000,253,380,4,3,1,Jakarta Selatan
609,14000000000,460,400,4,4,0,Jakarta Selatan
610,9550000000,251,288,3,4,1,Jakarta Selatan
611,4600000000,123,190,3,3,1,Jakarta Selatan
612,19000000000,358,500,5,5,1,Jakarta Selatan
613,5800000000,128,148,3,3,1,Jakarta Selatan
614,7000000000,291,210,4,3,1,Jakarta Selatan
615,21500000000,788,400,4,3,0,Jakarta Selatan
616,38000000000,900,422,4,3,1,Jakarta Selatan
617,5900000000,160,176,4,3,0,Jakarta Selatan
618,15000000000,600,450,5,4,0,Jakarta Selatan
619,14900000000,700,500,4,3,1,Jakarta Selatan
620,16000000000,587,350,4,3,1,Jakarta Selatan
621,21000000000,1180,550,5,4,1,Jakarta Selatan
622,9500000000,330,450,5,2,1,Jakarta Selatan
623,8500000000,400,280,3,3,0,Jakarta Selatan
624,14000000000,580,500,6,4,1,Jakarta Selatan
625,26000000000,600,450,4,4,1,Jakarta Selatan
626,13000000000,330,430,5,4,1,Jakarta Selatan
627,8600000000,246,350,3,3,0,Jakarta Selatan
628,7000000000,194,229,5,4,1,Jakarta Selatan
629,18000000000,800,600,5,5,1,Jakarta Selatan
630,5500000000,214,245,4,2,0,Jakarta Selatan
631,43000000000,1000,600,27,27,1,Jakarta Selatan
632,13500000000,250,350,5,4,1,Jakarta Selatan
633,36000000000,1300,850,5,5,1,Jakarta Selatan
634,4500000000,235,300,4,4,1,Jakarta Selatan
635,18500000000,1000,700,4,3,1,Jakarta Selatan
636,21500000000,603,400,4,1,1,Jakarta Selatan
637,21000000000,358,500,4,5,1,Jakarta Selatan
638,24000000000,450,1320,5,3,0,Jakarta Selatan
639,15000000000,225,425,5,4,1,Jakarta Selatan
640,21600000000,800,500,4,2,1,Jakarta Selatan
641,12000000000,477,970,5,4,1,Jakarta Selatan
642,5000000000,185,255,4,4,1,Jakarta Selatan
643,7700000000,188,300,3,3,1,Jakarta Selatan
644,8700000000,246,350,3,3,1,Jakarta Selatan
645,5200000000,464,400,5,5,1,Jakarta Selatan
646,30000000000,1017,500,5,3,1,Jakarta Selatan
647,4500000000,258,150,2,2,0,Jakarta Selatan
648,30000000000,1500,600,7,7,1,Jakarta Selatan
649,28000000000,1100,800,5,4,1,Jakarta Selatan
650,14200000000,474,455,3,3,1,Jakarta Selatan
651,29000000000,1019,800,6,4,1,Jakarta Selatan
652,6900000000,389,400,4,3,1,Jakarta Selatan
653,21900000000,377,266,4,3,1,Jakarta Selatan
654,14500000000,212,363,3,4,1,Jakarta Selatan
655,5300000000,129,148,3,3,0,Jakarta Selatan
656,7900000000,181,330,3,4,0,Jakarta Selatan
657,4500000000,151,200,4,4,1,Jakarta Selatan
658,17000000000,500,600,4,3,0,Jakarta Selatan
659,14500000000,240,450,4,4,1,Jakarta Selatan
660,20000000000,1040,600,4,3,1,Jakarta Selatan
661,5900000000,160,176,4,3,1,Jakarta Selatan
662,20000000000,1026,750,6,4,1,Jakarta Selatan
663,2500000000,94,180,4,4,0,Jakarta Selatan
664,18500000000,421,450,4,3,1,Jakarta Selatan
665,20000000000,472,650,4,3,0,Jakarta Selatan
666,6500000000,295,300,4,4,1,Jakarta Selatan
667,5000000000,225,245,3,3,0,Jakarta Selatan
668,17000000000,465,640,4,4,1,Jakarta Selatan
669,15000000000,500,600,5,5,1,Jakarta Selatan
670,10000000000,246,350,3,3,1,Jakarta Selatan
671,18000000000,700,500,5,4,1,Jakarta Selatan
672,36000000000,1147,900,5,6,1,Jakarta Selatan
673,35500000000,500,525,4,4,1,Jakarta Selatan
674,5250000000,190,320,4,3,1,Jakarta Selatan
675,13500000000,330,520,3,2,1,Jakarta Selatan
676,10700000000,604,550,5,5,1,Jakarta Selatan
677,18000000000,415,470,5,4,1,Jakarta Selatan
678,21000000000,817,500,4,4,1,Jakarta Selatan
679,10000000000,227,400,4,3,1,Jakarta Selatan
680,6500000000,215,320,4,3,1,Jakarta Selatan
681,4700000000,260,280,6,4,1,Jakarta Selatan
682,17500000000,518,450,5,7,1,Jakarta Selatan
683,19750000000,500,536,5,5,1,Jakarta Selatan
684,30000000000,317,450,4,4,1,Jakarta Selatan
685,15000000000,585,300,4,2,0,Jakarta Selatan
686,25000000000,1050,1000,4,4,0,Jakarta Selatan
687,11100000000,230,568,4,4,1,Jakarta Selatan
688,20000000000,780,500,4,3,0,Jakarta Selatan
689,5300000000,330,250,10,4,0,Jakarta Selatan
690,39000000000,973,1000,4,4,0,Jakarta Selatan
691,38000000000,1180,800,8,9,1,Jakarta Selatan
692,18000000000,216,384,4,4,1,Jakarta Selatan
693,23000000000,558,563,8,6,1,Jakarta Selatan
694,26000000000,1083,1200,6,6,1,Jakarta Selatan
695,23000000000,693,474,5,4,1,Jakarta Selatan
696,4750000000,161,250,4,2,0,Jakarta Selatan
697,15900000000,400,500,4,5,1,Jakarta Selatan
698,5500000000,230,300,3,3,0,Jakarta Selatan
699,9000000000,159,380,3,3,1,Jakarta Selatan
700,19000000000,817,600,5,4,1,Jakarta Selatan
701,22600000000,754,500,4,4,1,Jakarta Selatan
702,33000000000,585,900,7,6,1,Jakarta Selatan
703,12000000000,600,500,4,3,1,Jakarta Selatan
704,15000000000,385,500,4,5,1,Jakarta Selatan
705,17500000000,518,450,5,7,1,Jakarta Selatan
706,1870000000,22,90,3,2,0,Jakarta Selatan
707,17500000000,800,800,5,5,0,Jakarta Selatan
708,5800000000,144,285,4,3,1,Jakarta Selatan
709,39000000000,450,650,7,5,1,Jakarta Selatan
710,6500000000,399,350,4,3,1,Jakarta Selatan
711,12000000000,615,450,4,4,1,Jakarta Selatan
712,8800000000,527,600,3,3,0,Jakarta Selatan
713,7730000000,225,245,3,3,1,Jakarta Selatan
714,500000000,60,60,2,1,0,Jakarta Selatan
715,14400000000,474,450,4,3,1,Jakarta Selatan
716,16000000000,407,575,5,4,1,Jakarta Selatan
717,40000000000,973,1100,4,4,1,Jakarta Selatan
718,11000000000,180,415,4,5,1,Jakarta Selatan
719,5500000000,144,325,3,4,0,Jakarta Selatan
720,16000000000,350,600,4,4,0,Jakarta Selatan
721,21000000000,1042,550,7,6,1,Jakarta Selatan
722,11200000000,246,345,6,5,1,Jakarta Selatan
723,5500000000,214,245,5,3,0,Jakarta Selatan
724,6500000000,250,214,4,3,0,Jakarta Selatan
725,16500000000,472,650,4,3,1,Jakarta Selatan
726,10500000000,230,300,10,10,1,Jakarta Selatan
727,10000000000,227,400,6,4,1,Jakarta Selatan
728,10500000000,876,700,7,4,0,Jakarta Selatan
729,15000000000,400,450,5,4,1,Jakarta Selatan
730,8950000000,246,340,6,3,1,Jakarta Selatan
731,22000000000,1000,800,5,4,1,Jakarta Selatan
732,6800000000,133,331,4,3,1,Jakarta Selatan
733,5200000000,347,300,5,4,0,Jakarta Selatan
734,20000000000,450,550,5,2,0,Jakarta Selatan
735,26000000000,700,887,4,5,0,Jakarta Selatan
736,15500000000,450,400,4,4,0,Jakarta Selatan
737,6900000000,625,500,4,4,1,Jakarta Selatan
738,2750000000,130,175,3,3,0,Jakarta Selatan
739,22000000000,455,570,4,5,1,Jakarta Selatan
740,9550000000,251,288,4,3,0,Jakarta Selatan
741,15000000000,520,500,4,4,1,Jakarta Selatan
742,15000000000,1055,650,8,5,1,Jakarta Selatan
743,39000000000,973,1100,4,4,1,Jakarta Selatan
744,17500000000,518,450,5,7,1,Jakarta Selatan
745,28000000000,1020,816,5,3,1,Jakarta Selatan
746,4650000000,124,220,4,3,1,Jakarta Selatan
747,6800000000,389,200,4,3,1,Jakarta Selatan
748,5900000000,214,245,5,3,0,Jakarta Selatan
749,14500000000,648,400,8,6,1,Jakarta Selatan
750,36000000000,1300,850,6,4,1,Jakarta Selatan
751,19500000000,520,500,5,4,1,Jakarta Selatan
752,5000000000,300,200,5,4,0,Jakarta Selatan
753,11100000000,282,383,4,2,1,Jakarta Selatan
754,14000000000,718,400,2,2,1,Jakarta Selatan
755,4950000000,135,250,3,4,1,Jakarta Selatan
756,8500000000,246,221,4,4,1,Jakarta Selatan
757,4700000000,110,250,4,3,0,Jakarta Selatan
758,14400000000,451,320,5,4,1,Jakarta Selatan
759,85000000000,1175,1700,5,6,1,Jakarta Selatan
760,6700000000,190,250,4,3,1,Jakarta Selatan
761,4400000000,201,300,4,3,0,Jakarta Selatan
762,6800000000,212,170,3,2,1,Jakarta Selatan
763,5800000000,150,171,3,3,0,Jakarta Selatan
764,14850000000,539,610,4,4,1,Jakarta Selatan
765,11000000000,180,420,4,5,1,Jakarta Selatan
766,17000000000,392,400,4,4,1,Jakarta Selatan
767,8250000000,174,220,3,3,1,Jakarta Selatan
768,8000000000,352,200,4,2,1,Jakarta Selatan
769,16000000000,407,500,4,4,1,Jakarta Selatan
770,5400000000,104,240,3,3,1,Jakarta Selatan
771,14000000000,407,800,4,3,1,Jakarta Selatan
772,25000000000,752,450,4,4,1,Jakarta Selatan
773,19000000000,380,600,4,4,1,Jakarta Selatan
774,1350000000,72,150,3,3,0,Jakarta Selatan
775,3500000000,156,95,4,3,1,Jakarta Selatan
776,14500000000,560,200,3,2,1,Jakarta Selatan
777,3500000000,100,186,4,3,1,Jakarta Selatan
778,2200000000,110,200,3,3,1,Jakarta Selatan
779,15500000000,1055,500,5,3,1,Jakarta Selatan
780,1300000000,65,108,3,2,1,Jakarta Selatan
781,1200000000,69,75,3,1,0,Jakarta Selatan
782,1310000000,51,60,2,2,0,Jakarta Selatan
783,2400000000,127,180,5,5,1,Jakarta Selatan
784,5500000000,234,115,2,2,1,Jakarta Selatan
785,15000000000,500,550,5,5,1,Jakarta Selatan
786,35500000000,1500,1000,6,6,1,Jakarta Selatan
787,3800000000,220,220,3,3,0,Jakarta Selatan
788,4970000000,154,300,6,4,1,Jakarta Selatan
789,10500000000,202,600,3,3,0,Jakarta Selatan
790,680000000,50,60,3,2,0,Jakarta Selatan
791,2570000000,107,120,3,3,0,Jakarta Selatan
792,14000000000,949,800,5,4,1,Jakarta Selatan
793,4600000000,201,350,4,3,1,Jakarta Selatan
794,4200000000,109,188,3,3,1,Jakarta Selatan
795,13500000000,465,365,5,5,1,Jakarta Selatan
796,700000000,60,52,3,2,1,Jakarta Selatan
797,1650000000,78,105,3,3,1,Jakarta Selatan
798,1300000000,86,135,3,2,0,Jakarta Selatan
799,80000000000,800,2000,7,6,1,Jakarta Selatan
800,11750000000,340,419,4,4,0,Jakarta Selatan
801,14900000000,291,400,4,4,0,Jakarta Selatan
802,57000000000,550,1200,5,5,1,Jakarta Selatan
803,1350000000,69,100,3,3,1,Jakarta Selatan
804,555000000,32,38,2,2,0,Jakarta Selatan
805,1200000000,60,70,3,2,1,Jakarta Selatan
806,2990000000,123,160,4,3,0,Jakarta Selatan
807,7500000000,150,350,3,3,1,Jakarta Selatan
808,4200000000,85,190,3,3,0,Jakarta Selatan
809,25000000000,850,530,6,4,1,Jakarta Selatan
810,1880000000,60,90,3,2,0,Jakarta Selatan
811,5300000000,144,285,4,3,1,Jakarta Selatan
812,1300000000,78,100,3,3,0,Jakarta Selatan
813,700000000,60,52,3,2,1,Jakarta Selatan
814,650000000,60,52,3,2,1,Jakarta Selatan
815,679000000,60,50,3,2,0,Jakarta Selatan
816,2200000000,110,200,4,4,0,Jakarta Selatan
817,1200000000,60,70,3,2,1,Jakarta Selatan
818,3750000000,321,220,5,5,1,Jakarta Selatan
819,15000000000,291,400,4,3,1,Jakarta Selatan
820,13500000000,500,640,5,5,1,Jakarta Selatan
821,15000000000,291,400,4,4,1,Jakarta Selatan
822,7050000000,128,315,3,3,1,Jakarta Selatan
823,13700000000,323,400,4,3,1,Jakarta Selatan
824,9500000000,239,436,4,4,1,Jakarta Selatan
825,14500000000,465,841,5,4,1,Jakarta Selatan
826,17000000000,392,500,4,4,1,Jakarta Selatan
827,32000000000,325,600,4,4,1,Jakarta Selatan
828,168000000000,1770,1000,5,5,1,Jakarta Selatan
829,30000000000,345,500,4,4,1,Jakarta Selatan
830,32000000000,430,600,4,4,1,Jakarta Selatan
831,180000000000,1442,1000,6,5,1,Jakarta Selatan
832,90000000000,1066,5000,8,6,1,Jakarta Selatan
833,35000000000,2600,700,5,5,1,Jakarta Selatan
834,23000000000,400,400,4,4,1,Jakarta Selatan
835,75000000000,1050,1500,5,5,1,Jakarta Selatan
836,68000000000,470,1000,5,5,1,Jakarta Selatan
837,135000000000,850,1000,5,4,1,Jakarta Selatan
838,165000000000,2122,1500,6,6,1,Jakarta Selatan
839,2800000000,75,150,4,2,1,Jakarta Selatan
840,12000000000,340,419,4,5,0,Jakarta Selatan
841,11000000000,769,400,4,3,1,Jakarta Selatan
842,33000000000,329,526,5,4,1,Jakarta Selatan
843,85000000000,770,500,4,4,1,Jakarta Selatan
844,3000000000,250,267,4,4,1,Jakarta Selatan
845,65000000000,586,600,5,4,1,Jakarta Selatan
846,7350000000,200,444,27,27,1,Jakarta Selatan
847,40000000000,340,850,5,5,1,Jakarta Selatan
848,120000000000,1050,998,5,5,1,Jakarta Selatan
849,110000000000,1050,2500,8,5,1,Jakarta Selatan
850,50000000000,912,600,5,4,1,Jakarta Selatan
851,5150000000,144,285,4,3,1,Jakarta Selatan
852,12500000000,875,578,6,5,1,Jakarta Selatan
853,2950000000,82,145,3,3,1,Jakarta Selatan
854,28000000000,490,500,5,4,1,Jakarta Selatan
855,15700000000,860,350,5,4,1,Jakarta Selatan
856,14900000000,291,400,4,4,0,Jakarta Selatan
857,15000000000,542,452,5,5,1,Jakarta Selatan
858,14500000000,325,450,3,3,1,Jakarta Selatan
859,72000000000,855,589,5,3,1,Jakarta Selatan
860,5200000000,390,250,3,2,1,Jakarta Selatan
861,7500000000,105,275,3,3,1,Jakarta Selatan
862,75000000000,3000,2000,4,4,1,Jakarta Selatan
863,8500000000,226,330,5,5,1,Jakarta Selatan
864,12500000000,340,419,4,4,0,Jakarta Selatan
865,6100000000,199,350,4,4,1,Jakarta Selatan
866,1280000000,72,78,3,2,0,Jakarta Selatan
867,30000000000,1100,800,5,6,1,Jakarta Selatan
868,11000000000,459,500,5,5,1,Jakarta Selatan
869,22900000000,680,850,4,4,0,Jakarta Selatan
870,9500000000,460,550,4,5,0,Jakarta Selatan
871,4970000000,161,300,5,3,0,Jakarta Selatan
872,42000000000,709,500,3,4,0,Jakarta Selatan
873,11000000000,256,350,4,4,1,Jakarta Selatan
874,28000000000,997,800,4,5,1,Jakarta Selatan
875,29900000000,680,650,6,6,0,Jakarta Selatan
876,12900000000,1145,400,6,4,0,Jakarta Selatan
877,4800000000,340,275,4,3,1,Jakarta Selatan
878,7000000000,248,240,4,2,0,Jakarta Selatan
879,15000000000,291,400,4,4,1,Jakarta Selatan
880,15000000000,1148,500,4,4,1,Jakarta Selatan
881,7300000000,385,270,3,2,1,Jakarta Selatan
882,4200000000,151,145,4,4,1,Jakarta Selatan
883,4500000000,203,100,4,3,1,Jakarta Selatan
884,23200000000,400,350,4,3,1,Jakarta Selatan
885,34000000000,525,525,4,4,1,Jakarta Selatan
886,7500000000,149,325,5,3,0,Jakarta Selatan
887,550000000,84,50,2,1,0,Jakarta Selatan
888,22000000000,616,800,6,5,1,Jakarta Selatan
889,1200000000,60,70,3,2,1,Jakarta Selatan
890,38000000000,320,1000,5,5,1,Jakarta Selatan
891,21000000000,560,700,5,5,1,Jakarta Selatan
892,60000000000,610,700,4,4,1,Jakarta Selatan
893,5800000000,126,256,3,3,1,Jakarta Selatan
894,15500000000,216,300,6,8,0,Jakarta Selatan
895,45000000000,483,1100,5,5,1,Jakarta Selatan
896,2700000000,310,400,6,4,1,Jakarta Selatan
897,1700000000,213,125,4,4,1,Jakarta Selatan
898,3250000000,146,70,6,2,1,Jakarta Selatan
899,7700000000,422,400,4,4,1,Jakarta Selatan
900,19700000000,903,600,3,3,1,Jakarta Selatan
901,1750000000,133,140,3,3,1,Jakarta Selatan
902,6750000000,350,200,3,2,1,Jakarta Selatan
903,30000000000,3000,500,4,4,1,Jakarta Selatan
904,23000000000,348,468,4,4,1,Jakarta Selatan
905,5000000000,212,195,4,3,1,Jakarta Selatan
906,55000000000,4035,1500,6,6,0,Jakarta Selatan
907,4800000000,290,240,4,3,1,Jakarta Selatan
908,430000000,25,40,2,2,0,Jakarta Selatan
909,4900000000,130,320,3,2,1,Jakarta Selatan
910,15000000000,290,400,4,3,1,Jakarta Selatan
911,28000000000,404,837,4,4,1,Jakarta Selatan
912,13000000000,616,600,5,4,1,Jakarta Selatan
913,15500000000,480,600,22,10,1,Jakarta Selatan
914,10500000000,1000,476,5,5,1,Jakarta Selatan
915,6500000000,250,280,3,2,1,Jakarta Selatan
916,4050000000,468,500,5,4,1,Jakarta Selatan
917,9000000000,355,400,6,5,1,Jakarta Selatan
918,5900000000,403,200,4,3,1,Jakarta Selatan
919,6500000000,400,300,4,4,1,Jakarta Selatan
920,8500000000,540,450,5,4,1,Jakarta Selatan
921,32000000000,325,600,4,8,1,Jakarta Selatan
922,21000000000,250,400,3,3,1,Jakarta Selatan
923,18000000000,290,450,4,3,1,Jakarta Selatan
924,8500000000,529,315,4,4,1,Jakarta Selatan
925,2800000000,170,169,4,4,0,Jakarta Selatan
926,28000000000,830,400,8,4,0,Jakarta Selatan
927,2950000000,170,230,5,2,0,Jakarta Selatan
928,7300000000,230,350,5,3,1,Jakarta Selatan
929,11000000000,268,400,5,4,1,Jakarta Selatan
930,5900000000,160,176,3,2,1,Jakarta Selatan
931,8000000000,555,284,4,5,1,Jakarta Selatan
932,4000000000,164,217,3,3,1,Jakarta Selatan
933,1300000000,62,110,3,3,1,Jakarta Selatan
934,1230000000,60,65,2,2,0,Jakarta Selatan
935,1200000000,65,60,2,2,1,Jakarta Selatan
936,38000000000,316,1000,5,5,1,Jakarta Selatan
937,4500000000,567,300,3,2,1,Jakarta Selatan
938,6000000000,347,120,4,3,1,Jakarta Selatan
939,25000000000,700,1200,5,7,1,Jakarta Selatan
940,7500000000,186,380,3,4,0,Jakarta Selatan
941,7000000000,200,300,3,3,0,Jakarta Selatan
942,15000000000,702,451,4,4,1,Jakarta Selatan
943,100000000000,945,700,4,4,1,Jakarta Selatan
944,3600000000,105,136,3,2,0,Jakarta Selatan
945,6500000000,210,330,4,4,0,Jakarta Selatan
946,29000000000,300,295,4,3,0,Jakarta Selatan
947,95000000000,3300,600,5,4,0,Jakarta Selatan
948,28000000000,404,837,4,4,0,Jakarta Selatan
949,10500000000,507,480,6,5,1,Jakarta Selatan
950,4970000000,154,300,5,3,1,Jakarta Selatan
951,68000000000,814,494,5,5,1,Jakarta Selatan
952,15000000000,291,400,7,6,1,Jakarta Selatan
953,2480000000,120,160,4,3,0,Jakarta Selatan
954,13500000000,380,400,5,4,1,Jakarta Selatan
955,11000000000,378,350,4,1,1,Jakarta Selatan
956,2190000000,111,125,3,2,1,Jakarta Selatan
957,4350000000,105,220,3,3,1,Jakarta Selatan
958,7800000000,206,300,4,4,1,Jakarta Selatan
959,30000000000,458,400,4,4,0,Jakarta Selatan
960,42000000000,630,500,5,4,1,Jakarta Selatan
961,1800000000,111,160,4,3,0,Jakarta Selatan
962,3900000000,360,250,5,3,0,Jakarta Selatan
963,169000000000,2122,1024,10,5,0,Jakarta Selatan
964,7500000000,220,305,4,4,0,Jakarta Selatan
965,27000000000,1752,712,3,2,1,Jakarta Selatan
966,6800000000,210,262,4,3,1,Jakarta Selatan
967,10500000000,300,378,4,3,0,Jakarta Selatan
968,13750000000,500,640,5,6,1,Jakarta Selatan
969,6900000000,210,330,4,4,1,Jakarta Selatan
970,5800000000,122,240,3,3,1,Jakarta Selatan
971,5500000000,180,350,4,3,1,Jakarta Selatan
972,6900000000,450,600,5,6,1,Jakarta Selatan
973,5900000000,160,300,3,2,1,Jakarta Selatan
974,28000000000,488,450,5,3,1,Jakarta Selatan
975,20000000000,292,800,27,27,0,Jakarta Selatan
976,77500000000,1148,1200,8,6,1,Jakarta Selatan
977,3250000000,105,140,3,3,1,Jakarta Selatan
978,1600000000,229,160,3,2,0,Jakarta Selatan
979,15000000000,400,500,4,5,1,Jakarta Selatan
980,25000000000,674,500,5,4,1,Jakarta Selatan
981,2200000000,105,124,3,3,1,Jakarta Selatan
982,6750000000,200,180,2,2,0,Jakarta Selatan
983,3600000000,136,180,3,2,0,Jakarta Selatan
984,1450000000,76,130,3,3,0,Jakarta Selatan
985,6400000000,235,310,5,4,1,Jakarta Selatan
986,1750000000,133,130,3,3,1,Jakarta Selatan
987,6750000000,187,337,6,4,1,Jakarta Selatan
988,85000000000,1180,1200,5,6,1,Jakarta Selatan
989,65000000000,472,1200,5,5,1,Jakarta Selatan
990,21000000000,321,800,5,6,1,Jakarta Selatan
991,4500000000,972,350,4,3,1,Jakarta Selatan
992,1530000000,78,107,3,3,0,Jakarta Selatan
993,3500000000,169,215,4,4,1,Jakarta Selatan
994,1100000000,65,100,3,3,1,Jakarta Selatan
995,3700000000,540,350,4,2,1,Jakarta Selatan
996,16000000000,488,550,6,5,1,Jakarta Selatan
997,4500000000,209,270,4,4,1,Jakarta Selatan
998,29000000000,692,400,4,3,0,Jakarta Selatan
999,1700000000,102,140,4,3,0,Jakarta Selatan
1000,1250000000,63,110,3,3,0,Jakarta Selatan
