,HARGA,LT,LB,JKT,JKM,GRS
0,28000000000,1100,700,5,6,ADA
1,19000000000,824,800,4,4,ADA
2,4700000000,500,400,4,3,ADA
3,4900000000,251,300,5,4,ADA
4,28000000000,1340,575,4,5,ADA
5,10000000000,460,300,4,4,ADA
6,7600000000,278,350,4,4,ADA
7,5250000000,511,300,3,2,ADA
8,670000000,70,69,3,2,TIDAK ADA
9,480000000,66,42,2,1,TIDAK ADA
10,10700000000,449,500,6,7,ADA
11,4200000000,109,188,2,3,ADA
12,8500000000,320,250,4,4,ADA
13,7000000000,384,400,4,4,ADA
14,20000000000,462,645,5,6,ADA
15,9500000000,212,300,4,4,ADA
16,13400000000,342,450,5,4,ADA
17,11000000000,410,700,4,4,ADA
18,5800000000,144,285,4,3,ADA
19,35000000000,985,400,4,3,ADA
20,14000000000,780,500,3,4,ADA
21,5000000000,217,450,4,4,ADA
22,40000000000,1500,700,4,4,ADA
23,7250000000,210,300,4,3,ADA
24,5200000000,110,200,3,3,ADA
25,25000000000,760,650,4,4,ADA
26,5680000000,151,245,3,3,ADA
27,10500000000,220,350,4,3,ADA
28,7050000000,128,315,3,3,ADA
29,9300000000,235,270,3,3,TIDAK ADA
30,6500000000,100,250,4,3,ADA
31,68000000000,470,1000,5,5,ADA
32,3000000000,75,150,4,2,ADA
33,85000000000,770,500,4,4,ADA
34,19500000000,610,1000,6,5,ADA
35,20900000000,754,500,4,4,ADA
36,15500000000,440,350,4,3,ADA
37,14000000000,410,800,4,4,ADA
38,39000000000,973,1100,4,3,ADA
39,8000000000,251,320,4,4,ADA
40,20000000000,780,600,4,4,ADA
41,17500000000,954,600,4,3,ADA
42,34000000000,1186,900,6,5,ADA
43,7500000000,186,380,4,4,ADA
44,18500000000,358,500,4,5,ADA
45,5000000000,217,200,4,3,ADA
46,16000000000,535,600,4,4,ADA
47,13000000000,330,500,3,3,ADA
48,8000000000,250,320,4,3,ADA
49,17500000000,477,530,4,4,ADA
50,10500000000,282,450,4,4,ADA
51,35500000000,1312,850,5,4,ADA
52,16000000000,860,500,4,4,ADA
53,11700000000,246,347,4,3,ADA
54,18500000000,443,450,4,3,ADA
55,17500000000,389,400,4,3,ADA
56,6500000000,300,450,4,3,ADA
57,18500000000,433,600,4,4,ADA
58,25000000000,987,400,4,3,ADA
59,23000000000,817,500,6,4,ADA
60,12990000000,876,428,5,4,ADA
61,15000000000,887,300,3,2,ADA
62,13000000000,384,425,5,4,ADA
63,33000000000,458,400,4,4,ADA
64,9500000000,200,235,3,3,ADA
65,5750000000,144,285,4,4,ADA
66,19000000000,358,600,4,5,TIDAK ADA
67,19000000000,550,480,4,4,ADA
68,21500000000,950,300,5,4,ADA
69,5200000000,164,140,3,3,ADA
70,14000000000,460,400,4,3,ADA
71,55000000000,1487,1200,6,4,ADA
72,6250000000,158,400,4,2,ADA
73,29000000000,1186,800,9,8,ADA
74,8000000000,323,317,5,4,ADA
75,8500000000,502,250,4,4,ADA
76,18000000000,916,147,5,7,ADA
77,4500000000,109,188,2,3,ADA
78,10000000000,395,450,5,5,ADA
79,4250000000,152,275,3,3,ADA
80,4500000000,138,250,5,4,TIDAK ADA
81,2800000000,100,150,3,3,TIDAK ADA
82,15000000000,2010,800,4,3,ADA
83,7800000000,188,367,3,3,ADA
84,21000000000,500,525,4,5,ADA
85,38000000000,1229,800,4,4,ADA
86,29950000000,1000,600,4,4,ADA
87,7500000000,350,350,6,6,TIDAK ADA
88,25000000000,987,400,4,3,TIDAK ADA
89,36000000000,626,500,5,3,ADA
90,20000000000,472,650,6,5,TIDAK ADA
91,29000000000,1186,600,8,9,TIDAK ADA
92,5500000000,234,115,2,2,ADA
93,16590000000,405,495,4,4,ADA
94,33500000000,1000,800,5,6,TIDAK ADA
95,21000000000,802,904,4,3,ADA
96,7720000000,125,298,4,4,ADA
97,22000000000,1019,650,4,3,ADA
98,18500000000,180,600,4,4,ADA
99,16500000000,933,600,5,5,ADA
100,11980000000,241,572,4,5,ADA
101,8500000000,250,250,4,4,ADA
102,7700000000,190,350,3,2,ADA
103,4200000000,270,300,4,4,ADA
104,15700000000,860,325,5,4,ADA
105,17000000000,916,147,5,7,ADA
107,9550000000,251,288,3,3,ADA
109,10200000000,320,360,6,4,ADA
110,5900000000,240,350,4,4,ADA
111,6000000000,178,309,4,3,ADA
112,10800000000,438,540,6,5,ADA
113,55000000000,1500,1200,7,6,ADA
114,14000000000,714,750,5,3,TIDAK ADA
115,6900000000,358,450,4,3,ADA
116,55000000000,1497,1200,5,5,ADA
117,17500000000,1056,600,5,5,ADA
118,3500000000,100,156,5,4,ADA
119,15500000000,340,500,4,4,ADA
120,6900000000,188,350,3,3,TIDAK ADA
121,16000000000,407,575,5,4,ADA
122,11900000000,241,571,4,5,ADA
123,7500000000,188,351,3,3,ADA
125,12500000000,371,300,4,4,TIDAK ADA
126,11000000000,438,540,8,4,TIDAK ADA
127,55000000000,1500,1200,6,6,ADA
128,12000000000,512,350,3,4,TIDAK ADA
129,6500000000,230,400,4,4,ADA
130,13940000000,539,610,4,4,TIDAK ADA
131,5700000000,168,170,3,3,TIDAK ADA
132,8000000000,350,350,10,5,TIDAK ADA
133,6900000000,128,315,3,3,TIDAK ADA
134,8000000000,190,420,4,4,ADA
135,5500000000,107,311,4,3,ADA
136,10700000000,400,300,4,3,ADA
137,21000000000,1042,552,5,4,ADA
138,6500000000,200,300,4,4,ADA
139,16000000000,447,500,4,4,ADA
140,13500000000,385,525,5,4,ADA
141,15750000000,1060,375,3,2,ADA
142,23000000000,558,553,8,6,ADA
143,21000000000,1042,550,7,6,ADA
144,19300000000,1287,700,5,3,ADA
145,4300000000,124,187,3,3,ADA
146,20000000000,550,650,4,4,ADA
147,9550000000,251,288,4,4,TIDAK ADA
148,22000000000,455,570,4,5,ADA
149,23000000000,650,600,5,5,ADA
150,55000000000,1500,1000,5,6,ADA
151,17500000000,430,820,5,6,ADA
152,8000000000,299,400,4,4,ADA
153,4600000000,109,180,2,3,ADA
154,15000000000,714,750,5,5,ADA
155,18000000000,600,400,6,6,ADA
156,1370000000,425,216,4,4,TIDAK ADA
157,21000000000,1100,700,5,4,TIDAK ADA
158,12000000000,315,609,5,4,ADA
159,24300000000,1944,1944,5,4,ADA
160,8000000000,380,450,5,5,ADA
161,18900000000,470,660,4,4,TIDAK ADA
162,3200000000,78,65,3,2,ADA
163,21900000000,377,260,6,5,ADA
164,5600000000,269,300,4,4,ADA
165,5000000000,176,400,5,2,ADA
167,4800000000,276,200,4,3,ADA
168,17000000000,663,530,7,8,ADA
169,7800000000,250,300,4,4,ADA
170,15000000000,755,416,7,6,ADA
171,13500000000,384,450,4,4,ADA
172,26500000000,1047,500,5,3,ADA
173,7500000000,170,300,4,3,ADA
174,11900000000,239,568,4,4,ADA
175,17500000000,477,520,4,3,ADA
176,15500000000,633,530,5,3,ADA
177,5500000000,188,314,4,4,ADA
178,9900000000,741,411,5,5,ADA
179,8650000000,225,518,4,4,ADA
180,3650000000,78,185,3,3,ADA
181,18500000000,660,600,5,4,ADA
182,3600000000,164,150,4,4,ADA
183,3400000000,95,156,4,3,ADA
184,18000000000,786,1000,6,7,ADA
185,17900000000,450,400,4,3,ADA
186,4500000000,124,184,3,3,TIDAK ADA
187,4500000000,300,235,4,4,ADA
188,18000000000,600,500,6,6,ADA
189,15000000000,741,750,5,5,ADA
194,4000000000,117,221,4,3,ADA
195,20980000000,959,455,6,5,ADA
197,25000000000,1100,550,5,4,ADA
198,11500000000,400,416,5,3,ADA
199,11510000000,233,544,7,7,TIDAK ADA
200,3600000000,78,185,4,4,TIDAK ADA
201,15000000000,250,460,4,4,ADA
202,17500000000,518,450,5,7,ADA
204,8000000000,350,350,2,1,TIDAK ADA
205,20000000000,550,600,5,5,ADA
206,30000000000,555,527,8,6,ADA
207,27000000000,670,650,4,4,ADA
208,20000000000,1040,600,4,3,ADA
209,15750000000,598,243,4,4,ADA
210,34500000000,974,800,5,6,ADA
211,4300000000,124,184,3,3,ADA
212,8500000000,230,310,5,3,TIDAK ADA
213,9500000000,225,400,3,3,ADA
214,19000000000,520,500,5,5,ADA
215,13000000000,208,458,4,3,ADA
217,13000000000,616,600,5,4,ADA
218,20000000000,890,600,5,5,ADA
219,7500000000,186,380,3,3,ADA
220,6150000000,158,400,3,3,ADA
221,10500000000,500,700,4,4,ADA
223,55000000000,1475,1200,5,6,ADA
224,19000000000,358,635,4,5,ADA
225,13900000000,450,248,4,4,ADA
226,29500000000,923,429,9,5,TIDAK ADA
228,60000000000,1500,1200,6,6,ADA
229,13000000000,314,450,4,4,ADA
230,16000000000,895,420,5,5,ADA
231,18000000000,968,600,4,3,ADA
232,30000000000,1000,800,5,6,ADA
233,47000000000,1375,1400,5,5,ADA
234,6000000000,206,300,4,4,ADA
235,9550000000,251,288,4,5,TIDAK ADA
236,32000000000,973,1100,5,5,ADA
237,19000000000,435,650,4,4,ADA
239,17000000000,624,557,6,5,TIDAK ADA
240,19000000000,870,700,6,4,ADA
241,14700000000,474,455,4,5,ADA
242,13800000000,260,360,6,5,ADA
243,15000000000,450,400,4,3,TIDAK ADA
244,10000000000,160,250,3,4,ADA
245,6250000000,150,440,3,2,ADA
246,7800000000,200,390,4,4,ADA
247,6800000000,137,285,4,3,ADA
248,15000000000,398,500,5,4,ADA
249,19000000000,916,1000,5,7,TIDAK ADA
250,6750000000,217,193,4,4,TIDAK ADA
251,28000000000,330,300,3,3,ADA
252,17000000000,921,310,3,3,ADA
253,11900000000,260,365,4,4,ADA
254,9530000000,150,523,3,3,TIDAK ADA
255,10400000000,282,280,4,3,ADA
256,6500000000,138,290,4,3,ADA
257,15000000000,658,500,3,3,ADA
258,6000000000,200,272,4,4,ADA
259,6900000000,137,315,3,2,ADA
260,16000000000,521,470,7,6,ADA
261,19000000000,400,788,4,3,ADA
262,25000000000,865,450,4,4,ADA
263,15500000000,1100,600,4,4,ADA
264,12600000000,540,800,5,4,TIDAK ADA
265,7900000000,228,465,4,4,ADA
266,20000000000,462,645,5,5,ADA
267,5000000000,143,200,3,3,ADA
268,18000000000,1900,650,6,6,ADA
269,1100000000,90,180,3,3,ADA
270,6500000000,427,300,4,4,ADA
271,17000000000,407,850,6,5,ADA
272,6500000000,217,195,4,3,ADA
273,8500000000,307,400,4,5,ADA
274,13500000000,429,600,5,4,ADA
275,850000000,76,60,2,2,TIDAK ADA
276,14000000000,460,500,5,4,ADA
277,11200000000,371,250,6,3,ADA
278,7700000000,200,373,4,3,ADA
279,10000000000,388,343,4,4,ADA
280,13500000000,282,380,4,4,ADA
281,13000000000,410,800,4,4,TIDAK ADA
282,27000000000,660,800,5,4,ADA
285,27500000000,1068,300,5,3,ADA
286,17000000000,465,640,3,4,TIDAK ADA
287,10000000000,475,600,5,5,TIDAK ADA
288,6800000000,210,275,3,2,ADA
289,21000000000,754,500,4,4,ADA
290,25000000000,1340,600,8,5,ADA
291,16000000000,521,471,5,5,ADA
292,6000000000,329,500,5,3,TIDAK ADA
293,21000000000,1018,600,4,4,TIDAK ADA
294,33000000000,1100,450,4,4,ADA
295,2790000000,180,250,3,3,ADA
296,8500000000,307,400,7,6,TIDAK ADA
297,1930000000,111,135,3,3,TIDAK ADA
299,12750000000,500,400,4,3,TIDAK ADA
300,5000000000,188,260,4,3,ADA
301,25000000000,1040,600,4,3,TIDAK ADA
302,25000000000,1000,600,9,5,ADA
303,85500000000,1500,1300,5,5,ADA
304,5400000000,165,297,3,3,ADA
305,14000000000,380,350,6,4,ADA
306,5600000000,151,254,4,3,ADA
307,38000000000,1390,750,6,4,TIDAK ADA
308,30000000000,557,400,4,3,TIDAK ADA
310,39500000000,1960,900,5,4,ADA
311,15000000000,395,460,4,4,ADA
312,13000000000,235,623,5,5,TIDAK ADA
313,8500000000,434,380,5,2,TIDAK ADA
314,45000000000,836,600,4,4,ADA
315,10000000000,230,350,3,2,ADA
316,20000000000,425,500,5,4,ADA
319,24000000000,832,650,4,1,TIDAK ADA
320,23000000000,800,400,4,4,ADA
321,9000000000,256,245,4,4,TIDAK ADA
322,1350000000,72,150,3,3,TIDAK ADA
323,23000000000,800,500,5,4,TIDAK ADA
324,14000000000,464,350,4,3,ADA
325,15000000000,733,140,2,2,TIDAK ADA
326,6500000000,500,400,17,18,ADA
327,6800000000,376,352,5,5,TIDAK ADA
328,10500000000,320,360,6,4,ADA
329,20000000000,442,600,3,4,ADA
330,16000000000,895,420,5,4,ADA
331,15000000000,400,500,4,4,TIDAK ADA
332,9000000000,240,380,3,3,ADA
333,33000000000,1750,700,6,6,ADA
334,6200000000,450,550,4,4,ADA
335,40000000000,600,500,8,5,ADA
336,14500000000,240,450,4,4,ADA
337,25000000000,900,600,4,3,TIDAK ADA
338,6200000000,376,352,4,2,ADA
339,38000000000,2880,1000,7,6,ADA
340,9000000000,350,650,4,3,ADA
341,7000000000,251,325,3,3,TIDAK ADA
342,9900000000,452,200,3,2,ADA
343,15000000000,291,400,4,4,ADA
344,16000000000,445,1200,6,6,ADA
345,9000000000,300,300,4,3,ADA
346,25000000000,700,500,4,4,ADA
347,10000000000,468,410,4,3,ADA
348,9500000000,350,430,4,4,TIDAK ADA
349,30000000000,778,320,3,2,TIDAK ADA
350,15000000000,923,900,5,4,TIDAK ADA
351,20000000000,1050,650,4,4,ADA
352,15000000000,530,633,4,3,TIDAK ADA
353,5900000000,188,314,4,4,TIDAK ADA
354,185000000000,6790,10000,5,5,ADA
355,17800000000,430,500,4,4,ADA
356,11500000000,375,400,5,4,ADA
357,12000000000,340,600,11,11,ADA
358,50000000000,325,500,3,3,ADA
359,7900000000,266,475,4,4,ADA
360,7000000000,250,280,3,3,ADA
361,7000000000,230,400,4,4,ADA
362,20000000000,600,890,6,6,ADA
363,11000000000,575,210,4,3,ADA
364,22000000000,1860,400,4,4,ADA
365,20000000000,610,1000,6,6,TIDAK ADA
366,16000000000,835,600,5,5,TIDAK ADA
367,8750000000,158,400,3,3,ADA
368,39000000000,1900,1000,6,5,TIDAK ADA
369,10500000000,424,313,7,4,ADA
370,14000000000,651,350,5,3,ADA
371,11000000000,400,225,4,3,ADA
372,24000000000,354,350,3,3,ADA
373,14500000000,600,500,5,4,ADA
374,8500000000,200,400,4,4,ADA
375,9900000000,611,500,7,4,ADA
376,21000000000,557,882,5,4,ADA
377,6000000000,144,250,4,3,ADA
378,14000000000,661,800,4,4,TIDAK ADA
379,12900000000,539,610,4,4,ADA
380,17640000000,503,541,4,3,ADA
381,12000000000,600,500,4,4,ADA
382,10000000000,237,250,4,3,ADA
383,3790000000,248,248,4,2,TIDAK ADA
384,9000000000,600,400,4,3,TIDAK ADA
385,250000000000,6000,1500,5,5,ADA
386,9500000000,274,258,3,3,ADA
388,8250000000,159,278,3,3,ADA
389,4300000000,123,190,3,3,TIDAK ADA
390,4300000000,152,230,4,2,TIDAK ADA
391,5620000000,122,311,3,3,ADA
392,3250000000,240,200,3,3,ADA
393,6500000000,144,285,4,3,ADA
394,25000000000,1020,800,5,3,ADA
395,23000000000,752,400,4,3,ADA
396,17700000000,860,750,5,4,ADA
397,7700000000,190,300,3,2,ADA
398,16000000000,465,640,4,4,ADA
400,15000000000,500,765,4,4,ADA
401,25000000000,685,450,4,4,ADA
402,20000000000,910,450,5,4,ADA
403,15000000000,580,220,4,3,TIDAK ADA
404,8500000000,246,221,3,3,ADA
405,4000000000,125,125,3,3,ADA
406,11500000000,400,300,3,3,ADA
407,27500000000,1010,605,6,6,ADA
408,6000000000,182,500,4,3,ADA
409,17500000000,477,550,4,4,ADA
410,17000000000,300,475,5,4,ADA
411,7500000000,259,410,4,3,ADA
412,28000000000,572,450,8,7,ADA
413,7000000000,349,349,9,5,ADA
414,9000000000,200,480,4,3,ADA
415,39000000000,973,1100,4,4,ADA
416,42000000000,2131,1600,5,5,ADA
417,4000000000,219,103,4,2,ADA
418,9000000000,490,350,4,3,ADA
419,25000000000,1000,800,4,3,ADA
420,3800000000,153,180,4,3,TIDAK ADA
421,15000000000,506,400,3,3,TIDAK ADA
422,17000000000,465,640,4,4,ADA
423,7300000000,278,350,4,4,ADA
424,8500000000,250,400,4,4,ADA
425,55000000000,2641,1000,4,3,ADA
426,17000000000,851,450,4,3,ADA
427,17000000000,392,327,4,4,ADA
428,10000000000,402,236,3,3,ADA
429,12000000000,254,370,4,4,ADA
430,10500000000,380,300,3,3,ADA
431,17500000000,417,560,4,4,ADA
432,5250000000,135,250,3,4,ADA
433,13500000000,565,380,3,3,ADA
435,17000000000,440,350,4,4,ADA
436,7900000000,356,450,4,3,ADA
437,18600000000,474,455,4,4,TIDAK ADA
438,35000000000,1200,900,6,6,ADA
439,25000000000,670,650,3,3,TIDAK ADA
440,22000000000,754,500,4,4,ADA
441,68000000000,2595,1000,5,5,ADA
442,6500000000,266,350,4,4,ADA
443,2500000000,200,120,3,3,ADA
445,22000000000,888,450,4,3,ADA
446,5100000000,120,210,4,3,TIDAK ADA
447,9200000000,231,389,3,3,ADA
448,36000000000,1200,850,5,4,TIDAK ADA
449,7900000000,205,357,4,4,TIDAK ADA
450,5800000000,250,350,4,4,ADA
451,11000000000,230,350,4,4,ADA
452,4900000000,340,210,3,2,ADA
453,23000000000,806,700,4,4,ADA
455,8200000000,188,330,3,3,ADA
456,9500000000,251,295,4,4,ADA
457,6500000000,266,350,4,3,ADA
458,27000000000,900,400,4,3,ADA
459,16500000000,600,400,7,4,ADA
460,35000000000,2000,800,4,4,TIDAK ADA
461,6200000000,142,311,3,2,ADA
462,15000000000,912,484,6,3,ADA
465,7370000000,211,465,4,4,ADA
466,19500000000,850,750,3,2,ADA
467,5800000000,122,289,3,3,ADA
468,33000000000,1100,800,5,5,ADA
469,22500000000,500,536,5,5,ADA
470,4200000000,110,165,4,3,ADA
471,16950000000,387,250,1,1,ADA
472,13000000000,616,650,4,4,ADA
473,18000000000,670,385,4,4,ADA
474,7000000000,140,215,4,4,ADA
475,5000000000,234,350,4,4,ADA
476,38500000000,1420,550,8,5,ADA
477,15000000000,395,420,4,4,ADA
478,13500000000,230,400,3,2,ADA
479,13000000000,372,450,4,4,ADA
481,17000000000,786,1000,6,7,TIDAK ADA
482,43000000000,1350,750,5,5,ADA
483,13000000000,235,623,4,4,TIDAK ADA
484,22000000000,1000,800,5,4,TIDAK ADA
485,9950000000,212,300,4,3,ADA
486,12500000000,512,350,3,3,ADA
487,16000000000,578,500,5,4,ADA
488,22600000000,754,500,4,4,ADA
489,75000000000,1830,1000,5,4,ADA
490,30000000000,1100,500,4,4,ADA
491,20000000000,897,450,4,4,ADA
492,15000000000,733,140,2,2,ADA
493,19000000000,435,500,4,4,ADA
494,8700000000,229,327,4,3,ADA
495,25000000000,670,671,4,4,TIDAK ADA
496,19000000000,520,600,4,4,TIDAK ADA
497,35000000000,900,800,7,5,ADA
498,18000000000,677,450,4,3,TIDAK ADA
499,15000000000,415,150,3,2,ADA
500,9500000000,350,460,6,5,ADA
501,25500000000,1020,816,5,3,TIDAK ADA
502,16000000000,1095,450,3,4,ADA
503,15000000000,940,320,2,2,ADA
504,22000000000,824,600,7,4,ADA
505,6900000000,243,260,4,4,ADA
506,20000000000,429,499,4,4,ADA
507,45000000000,1466,900,9,9,ADA
508,60000000000,2360,542,6,8,ADA
509,10800000000,472,650,6,3,ADA
510,56000000000,1470,2000,7,7,ADA
511,14400000000,474,455,3,4,ADA
512,60000000000,2630,542,6,8,TIDAK ADA
513,9500000000,278,400,3,2,ADA
514,19000000000,430,500,4,5,ADA
515,40000000000,973,1100,4,4,ADA
516,175230000000,4574,4271,4,4,ADA
517,19500000000,834,780,6,3,TIDAK ADA
518,17000000000,392,450,4,4,ADA
520,13000000000,407,850,4,4,ADA
521,21000000000,817,500,4,3,TIDAK ADA
522,19000000000,800,500,5,4,ADA
523,1880000000,90,135,3,3,ADA
524,5100000000,140,250,3,2,TIDAK ADA
525,12000000000,572,432,5,6,ADA
526,8000000000,350,350,5,5,ADA
527,17000000000,389,450,7,4,ADA
528,49000000000,943,600,7,4,ADA
530,12000000000,230,300,5,4,ADA
531,17000000000,470,660,4,4,ADA
532,10500000000,220,325,4,3,ADA
533,950000000,50,80,3,2,TIDAK ADA
534,9500000000,462,350,3,3,ADA
535,19000000000,358,500,4,5,ADA
536,25500000000,1020,816,4,4,ADA
537,2800000000,70,125,3,3,TIDAK ADA
538,18500000000,358,500,4,4,ADA
539,22000000000,780,580,4,4,TIDAK ADA
540,5500000000,150,210,4,4,ADA
542,17000000000,465,640,4,5,ADA
544,15000000000,400,800,4,4,TIDAK ADA
545,13500000000,615,500,4,5,TIDAK ADA
546,4800000000,200,260,5,7,TIDAK ADA
547,14000000000,350,250,3,3,ADA
548,19000000000,520,500,5,5,TIDAK ADA
549,17000000000,389,450,4,4,ADA
550,13500000000,1034,900,6,5,ADA
552,9500000000,458,300,5,4,ADA
553,40000000000,1050,800,27,21,ADA
554,18000000000,900,500,4,4,ADA
555,6700000000,285,258,4,4,TIDAK ADA
556,37500000000,680,1250,6,5,ADA
557,26000000000,600,450,4,4,ADA
558,15000000000,500,1000,5,5,ADA
559,33000000000,585,900,7,6,ADA
560,8500000000,250,300,4,4,ADA
561,22000000000,900,1800,4,3,ADA
562,7900000000,220,300,3,3,ADA
563,11160000000,248,333,4,4,ADA
564,19500000000,443,450,5,3,TIDAK ADA
566,1100000000,59,80,3,2,ADA
567,7190000000,207,245,3,3,ADA
568,9000000000,200,300,5,4,ADA
569,5700000000,144,325,3,3,ADA
570,36000000000,1300,850,5,4,TIDAK ADA
571,17000000000,663,530,5,4,ADA
572,23000000000,650,600,5,5,TIDAK ADA
573,1140000000,60,60,3,2,TIDAK ADA
575,16000000000,587,350,4,3,ADA
576,5800000000,144,285,4,3,TIDAK ADA
577,17000000000,536,900,7,2,ADA
578,14000000000,464,360,4,3,TIDAK ADA
580,26000000000,900,500,7,4,TIDAK ADA
581,11500000000,547,500,4,3,ADA
582,19000000000,800,500,5,3,TIDAK ADA
585,5300000000,90,205,3,3,ADA
586,11000000000,436,300,6,5,TIDAK ADA
587,6620000000,135,225,5,4,TIDAK ADA
588,5500000000,164,240,4,3,ADA
589,19800000000,1039,430,5,4,TIDAK ADA
590,40000000000,1752,712,3,4,TIDAK ADA
592,6500000000,124,300,3,3,ADA
593,6800000000,145,330,4,1,ADA
594,9000000000,450,700,4,4,TIDAK ADA
595,4500000000,240,355,4,3,ADA
596,24500000000,876,600,8,5,TIDAK ADA
597,5800000000,144,325,3,3,ADA
599,15500000000,440,350,6,4,TIDAK ADA
600,7000000000,272,310,5,3,ADA
601,14500000000,600,643,5,5,ADA
603,17000000000,670,800,5,5,ADA
604,18500000000,443,450,5,5,ADA
605,4400000000,236,158,6,4,TIDAK ADA
607,19800000000,1039,430,5,3,ADA
608,6800000000,253,380,4,3,ADA
609,14000000000,460,400,4,4,TIDAK ADA
610,9550000000,251,288,3,4,ADA
611,4600000000,123,190,3,3,ADA
612,19000000000,358,500,5,5,ADA
613,5800000000,128,148,3,3,ADA
614,7000000000,291,210,4,3,ADA
615,21500000000,788,400,4,3,TIDAK ADA
616,38000000000,900,422,4,3,ADA
617,5900000000,160,176,4,3,TIDAK ADA
618,15000000000,600,450,5,4,TIDAK ADA
619,14900000000,700,500,4,3,ADA
621,21000000000,1180,550,5,4,ADA
622,9500000000,330,450,5,2,ADA
623,8500000000,400,280,3,3,TIDAK ADA
624,14000000000,580,500,6,4,ADA
626,13000000000,330,430,5,4,ADA
627,8600000000,246,350,3,3,TIDAK ADA
628,7000000000,194,229,5,4,ADA
629,18000000000,800,600,5,5,ADA
630,5500000000,214,245,4,2,TIDAK ADA
631,43000000000,1000,600,27,27,ADA
632,13500000000,250,350,5,4,ADA
633,36000000000,1300,850,5,5,ADA
634,4500000000,235,300,4,4,ADA
635,18500000000,1000,700,4,3,ADA
636,21500000000,603,400,4,1,ADA
637,21000000000,358,500,4,5,ADA
638,24000000000,450,1320,5,3,TIDAK ADA
639,15000000000,225,425,5,4,ADA
640,21600000000,800,500,4,2,ADA
641,12000000000,477,970,5,4,ADA
642,5000000000,185,255,4,4,ADA
643,7700000000,188,300,3,3,ADA
644,8700000000,246,350,3,3,ADA
645,5200000000,464,400,5,5,ADA
646,30000000000,1017,500,5,3,ADA
647,4500000000,258,150,2,2,TIDAK ADA
648,30000000000,1500,600,7,7,ADA
649,28000000000,1100,800,5,4,ADA
650,14200000000,474,455,3,3,ADA
651,29000000000,1019,800,6,4,ADA
652,6900000000,389,400,4,3,ADA
653,21900000000,377,266,4,3,ADA
654,14500000000,212,363,3,4,ADA
655,5300000000,129,148,3,3,TIDAK ADA
656,7900000000,181,330,3,4,TIDAK ADA
657,4500000000,151,200,4,4,ADA
658,17000000000,500,600,4,3,TIDAK ADA
661,5900000000,160,176,4,3,ADA
662,20000000000,1026,750,6,4,ADA
663,2500000000,94,180,4,4,TIDAK ADA
664,18500000000,421,450,4,3,ADA
665,20000000000,472,650,4,3,TIDAK ADA
666,6500000000,295,300,4,4,ADA
667,5000000000,225,245,3,3,TIDAK ADA
669,15000000000,500,600,5,5,ADA
670,10000000000,246,350,3,3,ADA
671,18000000000,700,500,5,4,ADA
672,36000000000,1147,900,5,6,ADA
673,35500000000,500,525,4,4,ADA
674,5250000000,190,320,4,3,ADA
675,13500000000,330,520,3,2,ADA
676,10700000000,604,550,5,5,ADA
677,18000000000,415,470,5,4,ADA
678,21000000000,817,500,4,4,ADA
679,10000000000,227,400,4,3,ADA
680,6500000000,215,320,4,3,ADA
681,4700000000,260,280,6,4,ADA
683,19750000000,500,536,5,5,ADA
684,30000000000,317,450,4,4,ADA
685,15000000000,585,300,4,2,TIDAK ADA
686,25000000000,1050,1000,4,4,TIDAK ADA
687,11100000000,230,568,4,4,ADA
688,20000000000,780,500,4,3,TIDAK ADA
689,5300000000,330,250,10,4,TIDAK ADA
690,39000000000,973,1000,4,4,TIDAK ADA
691,38000000000,1180,800,8,9,ADA
692,18000000000,216,384,4,4,ADA
693,23000000000,558,563,8,6,ADA
694,26000000000,1083,1200,6,6,ADA
695,23000000000,693,474,5,4,ADA
696,4750000000,161,250,4,2,TIDAK ADA
697,15900000000,400,500,4,5,ADA
698,5500000000,230,300,3,3,TIDAK ADA
699,9000000000,159,380,3,3,ADA
700,19000000000,817,600,5,4,ADA
703,12000000000,600,500,4,3,ADA
704,15000000000,385,500,4,5,ADA
706,1870000000,22,90,3,2,TIDAK ADA
707,17500000000,800,800,5,5,TIDAK ADA
709,39000000000,450,650,7,5,ADA
710,6500000000,399,350,4,3,ADA
711,12000000000,615,450,4,4,ADA
712,8800000000,527,600,3,3,TIDAK ADA
713,7730000000,225,245,3,3,ADA
714,500000000,60,60,2,1,TIDAK ADA
715,14400000000,474,450,4,3,ADA
718,11000000000,180,415,4,5,ADA
719,5500000000,144,325,3,4,TIDAK ADA
720,16000000000,350,600,4,4,TIDAK ADA
722,11200000000,246,345,6,5,ADA
723,5500000000,214,245,5,3,TIDAK ADA
724,6500000000,250,214,4,3,TIDAK ADA
725,16500000000,472,650,4,3,ADA
726,10500000000,230,300,10,10,ADA
727,10000000000,227,400,6,4,ADA
728,10500000000,876,700,7,4,TIDAK ADA
729,15000000000,400,450,5,4,ADA
730,8950000000,246,340,6,3,ADA
731,22000000000,1000,800,5,4,ADA
732,6800000000,133,331,4,3,ADA
733,5200000000,347,300,5,4,TIDAK ADA
734,20000000000,450,550,5,2,TIDAK ADA
735,26000000000,700,887,4,5,TIDAK ADA
736,15500000000,450,400,4,4,TIDAK ADA
737,6900000000,625,500,4,4,ADA
738,2750000000,130,175,3,3,TIDAK ADA
740,9550000000,251,288,4,3,TIDAK ADA
741,15000000000,520,500,4,4,ADA
742,15000000000,1055,650,8,5,ADA
745,28000000000,1020,816,5,3,ADA
746,4650000000,124,220,4,3,ADA
747,6800000000,389,200,4,3,ADA
748,5900000000,214,245,5,3,TIDAK ADA
749,14500000000,648,400,8,6,ADA
750,36000000000,1300,850,6,4,ADA
751,19500000000,520,500,5,4,ADA
752,5000000000,300,200,5,4,TIDAK ADA
753,11100000000,282,383,4,2,ADA
754,14000000000,718,400,2,2,ADA
755,4950000000,135,250,3,4,ADA
756,8500000000,246,221,4,4,ADA
757,4700000000,110,250,4,3,TIDAK ADA
758,14400000000,451,320,5,4,ADA
759,85000000000,1175,1700,5,6,ADA
760,6700000000,190,250,4,3,ADA
761,4400000000,201,300,4,3,TIDAK ADA
762,6800000000,212,170,3,2,ADA
763,5800000000,150,171,3,3,TIDAK ADA
764,14850000000,539,610,4,4,ADA
765,11000000000,180,420,4,5,ADA
766,17000000000,392,400,4,4,ADA
767,8250000000,174,220,3,3,ADA
768,8000000000,352,200,4,2,ADA
769,16000000000,407,500,4,4,ADA
770,5400000000,104,240,3,3,ADA
771,14000000000,407,800,4,3,ADA
772,25000000000,752,450,4,4,ADA
773,19000000000,380,600,4,4,ADA
775,3500000000,156,95,4,3,ADA
776,14500000000,560,200,3,2,ADA
777,3500000000,100,186,4,3,ADA
778,2200000000,110,200,3,3,ADA
779,15500000000,1055,500,5,3,ADA
780,1300000000,65,108,3,2,ADA
781,1200000000,69,75,3,1,TIDAK ADA
782,1310000000,51,60,2,2,TIDAK ADA
783,2400000000,127,180,5,5,ADA
785,15000000000,500,550,5,5,ADA
786,35500000000,1500,1000,6,6,ADA
787,3800000000,220,220,3,3,TIDAK ADA
788,4970000000,154,300,6,4,ADA
789,10500000000,202,600,3,3,TIDAK ADA
790,680000000,50,60,3,2,TIDAK ADA
791,2570000000,107,120,3,3,TIDAK ADA
792,14000000000,949,800,5,4,ADA
793,4600000000,201,350,4,3,ADA
794,4200000000,109,188,3,3,ADA
795,13500000000,465,365,5,5,ADA
796,700000000,60,52,3,2,ADA
797,1650000000,78,105,3,3,ADA
798,1300000000,86,135,3,2,TIDAK ADA
799,80000000000,800,2000,7,6,ADA
800,11750000000,340,419,4,4,TIDAK ADA
801,14900000000,291,400,4,4,TIDAK ADA
802,57000000000,550,1200,5,5,ADA
803,1350000000,69,100,3,3,ADA
804,555000000,32,38,2,2,TIDAK ADA
805,1200000000,60,70,3,2,ADA
806,2990000000,123,160,4,3,TIDAK ADA
807,7500000000,150,350,3,3,ADA
808,4200000000,85,190,3,3,TIDAK ADA
809,25000000000,850,530,6,4,ADA
810,1880000000,60,90,3,2,TIDAK ADA
811,5300000000,144,285,4,3,ADA
812,1300000000,78,100,3,3,TIDAK ADA
814,650000000,60,52,3,2,ADA
815,679000000,60,50,3,2,TIDAK ADA
816,2200000000,110,200,4,4,TIDAK ADA
818,3750000000,321,220,5,5,ADA
819,15000000000,291,400,4,3,ADA
820,13500000000,500,640,5,5,ADA
823,13700000000,323,400,4,3,ADA
824,9500000000,239,436,4,4,ADA
825,14500000000,465,841,5,4,ADA
826,17000000000,392,500,4,4,ADA
827,32000000000,325,600,4,4,ADA
828,168000000000,1770,1000,5,5,ADA
829,30000000000,345,500,4,4,ADA
830,32000000000,430,600,4,4,ADA
831,180000000000,1442,1000,6,5,ADA
832,90000000000,1066,5000,8,6,ADA
833,35000000000,2600,700,5,5,ADA
834,23000000000,400,400,4,4,ADA
835,75000000000,1050,1500,5,5,ADA
837,135000000000,850,1000,5,4,ADA
838,165000000000,2122,1500,6,6,ADA
839,2800000000,75,150,4,2,ADA
840,12000000000,340,419,4,5,TIDAK ADA
841,11000000000,769,400,4,3,ADA
842,33000000000,329,526,5,4,ADA
844,3000000000,250,267,4,4,ADA
845,65000000000,586,600,5,4,ADA
846,7350000000,200,444,27,27,ADA
847,40000000000,340,850,5,5,ADA
848,120000000000,1050,998,5,5,ADA
849,110000000000,1050,2500,8,5,ADA
850,50000000000,912,600,5,4,ADA
851,5150000000,144,285,4,3,ADA
852,12500000000,875,578,6,5,ADA
853,2950000000,82,145,3,3,ADA
854,28000000000,490,500,5,4,ADA
855,15700000000,860,350,5,4,ADA
857,15000000000,542,452,5,5,ADA
858,14500000000,325,450,3,3,ADA
859,72000000000,855,589,5,3,ADA
860,5200000000,390,250,3,2,ADA
861,7500000000,105,275,3,3,ADA
862,75000000000,3000,2000,4,4,ADA
863,8500000000,226,330,5,5,ADA
864,12500000000,340,419,4,4,TIDAK ADA
865,6100000000,199,350,4,4,ADA
866,1280000000,72,78,3,2,TIDAK ADA
867,30000000000,1100,800,5,6,ADA
868,11000000000,459,500,5,5,ADA
869,22900000000,680,850,4,4,TIDAK ADA
870,9500000000,460,550,4,5,TIDAK ADA
871,4970000000,161,300,5,3,TIDAK ADA
872,42000000000,709,500,3,4,TIDAK ADA
873,11000000000,256,350,4,4,ADA
874,28000000000,997,800,4,5,ADA
875,29900000000,680,650,6,6,TIDAK ADA
876,12900000000,1145,400,6,4,TIDAK ADA
877,4800000000,340,275,4,3,ADA
878,7000000000,248,240,4,2,TIDAK ADA
880,15000000000,1148,500,4,4,ADA
881,7300000000,385,270,3,2,ADA
882,4200000000,151,145,4,4,ADA
883,4500000000,203,100,4,3,ADA
884,23200000000,400,350,4,3,ADA
885,34000000000,525,525,4,4,ADA
886,7500000000,149,325,5,3,TIDAK ADA
887,550000000,84,50,2,1,TIDAK ADA
888,22000000000,616,800,6,5,ADA
890,38000000000,320,1000,5,5,ADA
891,21000000000,560,700,5,5,ADA
892,60000000000,610,700,4,4,ADA
893,5800000000,126,256,3,3,ADA
894,15500000000,216,300,6,8,TIDAK ADA
895,45000000000,483,1100,5,5,ADA
896,2700000000,310,400,6,4,ADA
897,1700000000,213,125,4,4,ADA
898,3250000000,146,70,6,2,ADA
899,7700000000,422,400,4,4,ADA
900,19700000000,903,600,3,3,ADA
901,1750000000,133,140,3,3,ADA
902,6750000000,350,200,3,2,ADA
903,30000000000,3000,500,4,4,ADA
904,23000000000,348,468,4,4,ADA
905,5000000000,212,195,4,3,ADA
906,55000000000,4035,1500,6,6,TIDAK ADA
907,4800000000,290,240,4,3,ADA
908,430000000,25,40,2,2,TIDAK ADA
909,4900000000,130,320,3,2,ADA
910,15000000000,290,400,4,3,ADA
911,28000000000,404,837,4,4,ADA
913,15500000000,480,600,22,10,ADA
914,10500000000,1000,476,5,5,ADA
915,6500000000,250,280,3,2,ADA
916,4050000000,468,500,5,4,ADA
917,9000000000,355,400,6,5,ADA
918,5900000000,403,200,4,3,ADA
919,6500000000,400,300,4,4,ADA
920,8500000000,540,450,5,4,ADA
921,32000000000,325,600,4,8,ADA
922,21000000000,250,400,3,3,ADA
923,18000000000,290,450,4,3,ADA
924,8500000000,529,315,4,4,ADA
925,2800000000,170,169,4,4,TIDAK ADA
926,28000000000,830,400,8,4,TIDAK ADA
927,2950000000,170,230,5,2,TIDAK ADA
928,7300000000,230,350,5,3,ADA
929,11000000000,268,400,5,4,ADA
930,5900000000,160,176,3,2,ADA
931,8000000000,555,284,4,5,ADA
932,4000000000,164,217,3,3,ADA
933,1300000000,62,110,3,3,ADA
934,1230000000,60,65,2,2,TIDAK ADA
935,1200000000,65,60,2,2,ADA
936,38000000000,316,1000,5,5,ADA
937,4500000000,567,300,3,2,ADA
938,6000000000,347,120,4,3,ADA
939,25000000000,700,1200,5,7,ADA
940,7500000000,186,380,3,4,TIDAK ADA
941,7000000000,200,300,3,3,TIDAK ADA
942,15000000000,702,451,4,4,ADA
943,100000000000,945,700,4,4,ADA
944,3600000000,105,136,3,2,TIDAK ADA
945,6500000000,210,330,4,4,TIDAK ADA
946,29000000000,300,295,4,3,TIDAK ADA
947,95000000000,3300,600,5,4,TIDAK ADA
948,28000000000,404,837,4,4,TIDAK ADA
949,10500000000,507,480,6,5,ADA
950,4970000000,154,300,5,3,ADA
951,68000000000,814,494,5,5,ADA
952,15000000000,291,400,7,6,ADA
953,2480000000,120,160,4,3,TIDAK ADA
954,13500000000,380,400,5,4,ADA
955,11000000000,378,350,4,1,ADA
956,2190000000,111,125,3,2,ADA
957,4350000000,105,220,3,3,ADA
958,7800000000,206,300,4,4,ADA
959,30000000000,458,400,4,4,TIDAK ADA
960,42000000000,630,500,5,4,ADA
961,1800000000,111,160,4,3,TIDAK ADA
962,3900000000,360,250,5,3,TIDAK ADA
963,169000000000,2122,1024,10,5,TIDAK ADA
964,7500000000,220,305,4,4,TIDAK ADA
965,27000000000,1752,712,3,2,ADA
966,6800000000,210,262,4,3,ADA
967,10500000000,300,378,4,3,TIDAK ADA
968,13750000000,500,640,5,6,ADA
969,6900000000,210,330,4,4,ADA
970,5800000000,122,240,3,3,ADA
971,5500000000,180,350,4,3,ADA
972,6900000000,450,600,5,6,ADA
973,5900000000,160,300,3,2,ADA
974,28000000000,488,450,5,3,ADA
975,20000000000,292,800,27,27,TIDAK ADA
976,77500000000,1148,1200,8,6,ADA
977,3250000000,105,140,3,3,ADA
978,1600000000,229,160,3,2,TIDAK ADA
979,15000000000,400,500,4,5,ADA
980,25000000000,674,500,5,4,ADA
981,2200000000,105,124,3,3,ADA
982,6750000000,200,180,2,2,TIDAK ADA
983,3600000000,136,180,3,2,TIDAK ADA
984,1450000000,76,130,3,3,TIDAK ADA
985,6400000000,235,310,5,4,ADA
986,1750000000,133,130,3,3,ADA
987,6750000000,187,337,6,4,ADA
988,85000000000,1180,1200,5,6,ADA
989,65000000000,472,1200,5,5,ADA
990,21000000000,321,800,5,6,ADA
991,4500000000,972,350,4,3,ADA
992,1530000000,78,107,3,3,TIDAK ADA
993,3500000000,169,215,4,4,ADA
994,1100000000,65,100,3,3,ADA
995,3700000000,540,350,4,2,ADA
996,16000000000,488,550,6,5,ADA
997,4500000000,209,270,4,4,ADA
998,29000000000,692,400,4,3,TIDAK ADA
999,1700000000,102,140,4,3,TIDAK ADA
1000,1250000000,63,110,3,3,TIDAK ADA
0,3800000000,220,220,3,3,TIDAK ADA
1,4600000000,137,180,4,3,ADA
2,3000000000,250,267,4,4,ADA
3,430000000,25,40,2,2,TIDAK ADA
4,9000000000,355,400,6,5,ADA
5,4970000000,154,300,5,3,ADA
6,2600000000,150,120,3,2,ADA
7,10500000000,247,350,4,4,TIDAK ADA
8,3250000000,90,125,3,3,TIDAK ADA
9,4500000000,96,250,5,4,ADA
10,3600000000,110,154,3,3,ADA
11,9500000000,240,450,4,4,ADA
12,10500000000,118,218,3,3,ADA
13,12500000000,979,200,4,2,ADA
14,4600000000,137,180,5,4,ADA
15,3000000000,144,126,4,2,ADA
16,6000000000,150,400,5,4,ADA
17,7500000000,253,150,5,2,ADA
18,18000000000,251,200,5,3,ADA
19,9700000000,248,450,5,5,ADA
20,14000000000,700,300,8,5,ADA
21,8000000000,218,315,7,3,ADA
22,700000000,75,75,2,3,TIDAK ADA
23,5500000000,230,350,5,5,ADA
24,11000000000,695,650,9,6,ADA
25,4000000000,199,250,8,2,ADA
26,3900000000,130,210,3,4,ADA
27,6500000000,200,300,5,5,ADA
28,5800000000,200,175,6,4,ADA
29,3200000000,110,140,3,3,ADA
30,8800000000,230,400,5,5,ADA
31,42000000000,600,900,7,7,ADA
32,1100000000,102,102,2,1,TIDAK ADA
33,10900000000,428,646,5,5,ADA
34,3600000000,200,145,8,8,ADA
35,4000000000,120,220,4,4,ADA
36,6000000000,222,325,6,5,TIDAK ADA
38,4500000000,154,250,6,3,ADA
39,4500000000,105,247,5,5,ADA
40,4000000000,140,200,4,4,ADA
41,2600000000,90,150,3,2,ADA
42,5500000000,239,210,8,5,ADA
43,15000000000,643,339,7,5,ADA
44,3500000000,100,190,5,4,ADA
45,6000000000,240,450,9,9,TIDAK ADA
46,8000000000,232,300,6,5,TIDAK ADA
47,9500000000,305,352,4,3,TIDAK ADA
48,4300000000,146,135,6,6,ADA
49,3800000000,135,200,3,4,TIDAK ADA
50,41000000000,600,850,7,7,TIDAK ADA
51,4000000000,175,190,4,2,ADA
52,2500000000,90,120,4,1,ADA
53,4750000000,196,180,5,5,ADA
54,23000000000,610,750,8,6,ADA
55,4400000000,96,250,6,5,ADA
56,4500000000,140,220,5,4,ADA
57,5000000000,180,250,5,3,ADA
58,13000000000,393,200,5,3,ADA
59,4150000000,135,216,5,4,ADA
60,3800000000,130,260,6,3,ADA
61,18000000000,410,300,5,3,TIDAK ADA
62,8100000000,240,245,3,3,ADA
63,5250000000,108,147,4,3,ADA
64,4500000000,145,120,6,4,ADA
65,6200000000,200,170,8,5,ADA
66,6500000000,200,250,6,3,ADA
67,3500000000,112,170,4,5,ADA
68,3199000000,149,150,3,2,TIDAK ADA
69,3200000000,130,150,3,2,ADA
70,3799000000,130,200,3,3,ADA
71,6000000000,198,250,7,4,ADA
72,9790000000,393,403,5,3,ADA
73,5500000000,270,170,6,3,ADA
74,3350000000,135,120,4,3,ADA
75,750000000,80,78,3,2,TIDAK ADA
76,3500000000,165,250,6,4,ADA
77,4700000000,137,180,4,3,ADA
78,3500000000,112,170,3,4,ADA
79,2850000000,90,160,4,2,ADA
80,3500000000,110,160,3,3,ADA
81,3100000000,137,120,5,2,TIDAK ADA
82,13000000000,245,196,7,3,ADA
83,4300000000,112,170,4,5,ADA
84,5500000000,140,180,3,4,TIDAK ADA
85,6750000000,210,350,4,4,ADA
86,3200000000,104,200,4,3,ADA
87,8250000000,282,460,6,5,ADA
88,3250000000,130,150,5,2,ADA
89,3499000000,150,110,3,2,TIDAK ADA
90,5000000000,335,330,8,4,ADA
91,9500000000,247,445,6,5,ADA
92,3400000000,104,140,4,3,ADA
93,5000000000,160,325,9,6,ADA
94,5600000000,225,250,5,3,ADA
95,4500000000,135,180,4,3,ADA
96,10800000000,400,500,6,5,ADA
97,2600000000,91,210,5,4,ADA
98,3600000000,127,180,4,4,ADA
99,3450000000,112,170,3,4,ADA
100,7400000000,257,200,4,3,ADA
101,10000000000,282,400,8,4,ADA
102,15000000000,1225,800,6,9,ADA
103,30000000000,752,800,6,4,TIDAK ADA
104,3500000000,108,170,5,3,ADA
105,1700000000,80,100,3,2,TIDAK ADA
106,3500000000,141,250,5,3,ADA
107,1300000000,90,100,3,2,TIDAK ADA
108,2800000000,90,160,5,3,ADA
109,5000000000,160,325,5,5,TIDAK ADA
110,3200000000,80,150,5,3,ADA
111,11000000000,305,275,5,3,ADA
112,5000000000,150,320,5,5,ADA
113,2200000000,98,70,2,1,TIDAK ADA
114,5600000000,192,156,5,2,ADA
115,3800000000,180,211,5,4,ADA
116,4000000000,146,200,3,1,ADA
117,15000000000,692,800,5,4,ADA
118,3850000000,130,200,4,4,ADA
119,4200000000,140,160,4,3,ADA
120,5990000000,210,350,5,4,ADA
121,4000000000,152,180,4,3,ADA
122,42000000000,600,850,5,5,ADA
123,9500000000,240,340,4,3,ADA
124,4000000000,140,190,4,4,ADA
125,4000000000,230,139,4,4,ADA
126,7000000000,282,400,8,4,ADA
127,4525000000,161,100,4,2,ADA
128,25000000000,550,485,5,6,ADA
129,19900000000,450,346,5,5,ADA
130,15000000000,578,400,6,3,ADA
131,3600000000,146,170,3,3,ADA
132,3950000000,148,200,4,3,ADA
133,3900000000,130,200,3,2,ADA
134,3850000000,137,236,4,3,ADA
135,9200000000,695,450,8,6,ADA
136,5950000000,200,220,3,3,ADA
137,7500000000,280,500,4,4,ADA
138,3100000000,103,200,3,3,ADA
139,7000000000,182,400,4,3,ADA
140,25000000000,840,550,5,3,ADA
141,11000000000,344,280,3,3,ADA
142,4350000000,132,180,4,3,ADA
143,25000000000,1069,355,5,4,ADA
144,4300000000,155,250,5,3,ADA
145,8800000000,230,400,6,6,ADA
146,13000000000,384,216,3,3,ADA
147,4700000000,150,250,4,3,ADA
148,7200000000,161,250,3,3,ADA
149,3500000000,120,192,5,4,ADA
150,7900000000,225,380,5,3,ADA
151,2800000000,103,150,3,3,ADA
152,2600000000,75,130,3,3,ADA
153,5900000000,202,250,5,4,ADA
154,850000000,69,78,4,2,TIDAK ADA
155,3600000000,180,250,4,2,TIDAK ADA
156,6850000000,338,219,5,3,ADA
157,4500000000,226,325,6,4,ADA
159,5750000000,240,350,7,5,TIDAK ADA
160,2999000000,140,140,5,3,ADA
161,5000000000,127,180,5,4,ADA
162,4000000000,135,200,7,4,ADA
163,3500000000,112,150,4,4,ADA
164,6100000000,130,375,5,4,ADA
165,30000000000,498,800,5,5,ADA
166,6500000000,181,250,8,4,ADA
167,3750000000,112,150,3,5,ADA
168,6300000000,133,200,4,3,ADA
169,15000000000,387,480,4,4,ADA
170,2650000000,90,125,3,4,ADA
171,18500000000,360,800,5,7,ADA
172,14500000000,307,500,3,4,ADA
173,8750000000,202,350,4,5,ADA
174,5800000000,138,200,5,4,ADA
175,15000000000,310,250,4,5,ADA
176,15000000000,580,400,5,4,ADA
177,2300000000,90,100,2,2,ADA
178,3950000000,166,200,4,4,ADA
179,2750000000,135,120,3,2,ADA
180,3250000000,146,251,8,8,ADA
181,2590000000,76,170,3,3,ADA
182,4500000000,140,140,5,4,ADA
183,4500000000,148,200,5,4,ADA
184,7150000000,162,250,5,3,ADA
185,10500000000,189,200,5,2,TIDAK ADA
186,6500000000,125,245,4,3,ADA
188,9500000000,304,280,5,5,TIDAK ADA
189,23000000000,600,480,10,4,ADA
190,6500000000,222,200,6,2,ADA
191,3600000000,146,170,4,3,ADA
193,1900000000,135,135,3,3,ADA
194,29000000000,672,980,5,6,ADA
195,2550000000,90,150,4,4,ADA
196,3300000000,90,120,5,4,ADA
197,3100000000,90,200,3,3,ADA
198,5950000000,200,220,5,4,ADA
199,6100000000,204,250,5,3,ADA
200,3200000000,87,150,4,3,ADA
201,2500000000,78,140,4,3,ADA
202,12500000000,208,600,4,5,ADA
203,8000000000,230,152,3,3,ADA
204,690000000,50,90,3,1,TIDAK ADA
205,15000000000,501,500,6,3,TIDAK ADA
206,9000000000,230,200,6,3,ADA
207,4000000000,155,180,4,3,ADA
208,3750000000,135,200,5,3,ADA
209,22000000000,619,1080,7,6,ADA
210,2100000000,120,160,6,3,ADA
211,8700000000,261,160,4,4,ADA
212,2900000000,135,175,4,2,TIDAK ADA
213,3500000000,140,235,5,4,ADA
215,3500000000,86,120,5,4,ADA
216,2500000000,100,200,3,3,ADA
218,2400000000,154,147,3,2,ADA
219,38000000000,720,500,6,6,ADA
220,4900000000,158,179,4,4,ADA
221,3250000000,145,250,8,8,ADA
222,10000000000,306,600,6,5,ADA
223,12500000000,189,250,6,4,ADA
224,5500000000,150,200,5,3,ADA
225,6000000000,159,150,5,4,ADA
226,16000000000,405,300,6,4,TIDAK ADA
227,5000000000,130,200,5,4,ADA
228,6000000000,173,340,5,4,ADA
229,5600000000,192,156,6,2,ADA
230,3750000000,180,300,5,3,ADA
233,2500000000,77,140,3,3,ADA
234,9900000000,340,200,4,4,ADA
235,3800000000,130,200,3,3,ADA
236,9500000000,368,300,4,3,ADA
237,10000000000,273,350,4,3,ADA
238,12500000000,350,465,6,6,ADA
239,2700000000,150,135,4,2,ADA
240,9800000000,248,400,5,5,ADA
241,11500000000,300,400,9,6,ADA
242,2600000000,142,120,4,2,ADA
243,3100000000,86,120,5,4,ADA
244,4650000000,135,320,6,5,ADA
245,8750000000,200,250,4,4,ADA
247,8000000000,300,250,3,3,ADA
248,750000000,78,80,3,1,TIDAK ADA
249,5000000000,335,250,7,5,ADA
250,8500000000,256,260,5,5,ADA
251,28000000000,775,1000,5,3,ADA
252,9500000000,345,400,5,3,ADA
253,3800000000,140,200,4,3,ADA
254,2650000000,90,125,3,3,ADA
255,12000000000,244,230,5,4,ADA
256,3300000000,154,170,5,3,ADA
257,3900000000,146,260,3,1,ADA
258,7800000000,253,200,4,3,ADA
259,4700000000,150,200,4,4,ADA
260,7500000000,200,444,10,10,ADA
261,16000000000,400,400,5,4,ADA
262,2600000000,142,120,3,2,ADA
263,13000000000,322,250,4,3,ADA
264,4500000000,96,250,4,5,ADA
265,3850000000,186,200,3,2,ADA
266,1900000000,133,125,3,3,ADA
267,15000000000,384,500,4,3,ADA
268,8000000000,221,168,5,3,ADA
269,15000000000,378,480,5,4,ADA
270,2700000000,90,125,3,3,ADA
271,18000000000,361,800,5,4,ADA
272,6500000000,248,300,5,4,TIDAK ADA
274,6500000000,222,200,4,2,ADA
276,4000000000,120,150,4,3,ADA
277,4000000000,135,250,4,5,ADA
278,2700000000,91,210,5,3,TIDAK ADA
279,9000000000,353,470,9,6,ADA
280,7500000000,288,200,4,2,ADA
281,5500000000,454,200,3,4,ADA
282,23000000000,565,350,5,3,ADA
283,65000000000,200,300,5,7,ADA
284,8250000000,230,400,6,4,ADA
285,8500000000,205,300,4,4,ADA
286,10750000000,189,200,5,4,ADA
287,2458000000,135,165,4,3,ADA
288,3500000000,153,125,3,2,ADA
289,30000000000,312,815,10,7,ADA
290,5500000000,216,280,4,3,ADA
291,10000000000,368,300,4,4,ADA
292,25900000000,1039,600,7,5,ADA
293,2999000000,102,102,3,3,ADA
294,5899000000,130,350,6,6,ADA
295,3245000000,152,120,4,4,ADA
296,5750000128,183,320,6,3,ADA
297,6500000000,213,300,5,4,ADA
298,6500000000,181,220,8,6,ADA
299,4800000000,170,250,4,4,ADA
300,16000000000,420,500,4,4,ADA
301,13000000000,312,380,4,3,ADA
302,7000000000,283,180,4,3,ADA
303,2800000000,90,250,4,3,ADA
304,1850000000,90,80,3,2,TIDAK ADA
305,20999999488,613,613,9,4,ADA
306,4300000000,205,117,4,3,ADA
307,4300000000,145,200,3,3,ADA
308,5500000000,266,300,6,4,ADA
311,12999000000,429,400,9,5,ADA
312,2300000000,135,160,4,3,ADA
313,7100000000,256,200,5,3,ADA
314,7000000000,180,350,3,3,TIDAK ADA
315,1500000000,170,200,7,2,TIDAK ADA
316,1500000000,80,100,4,2,TIDAK ADA
317,3500000000,135,150,4,2,TIDAK ADA
318,4000000000,100,150,3,3,ADA
319,4000000000,126,144,4,2,ADA
320,3750000000,135,150,3,2,ADA
321,4000000000,140,150,4,2,ADA
322,6000000000,260,450,7,4,ADA
325,9200000000,695,650,9,6,ADA
326,7500000000,253,180,3,2,ADA
327,14250000000,393,350,5,4,ADA
328,4000000000,135,216,5,4,ADA
329,5850000000,138,220,4,3,ADA
330,2700000000,90,160,3,3,ADA
331,3250000000,157,200,7,3,ADA
332,9800000000,247,350,4,3,ADA
333,12000000000,237,350,4,3,ADA
334,18500000000,520,300,5,4,ADA
335,14500000000,307,500,10,7,ADA
336,8200000000,260,300,4,4,ADA
337,2700000000,92,120,3,3,ADA
338,2500000000,100,121,3,2,ADA
339,9900000000,250,350,5,3,ADA
340,4200000000,160,285,5,6,ADA
341,10000000000,535,353,10,10,ADA
342,5000000000,217,220,3,3,ADA
343,4300000000,90,250,4,4,ADA
344,3000000000,125,250,3,2,ADA
345,3000000000,170,130,4,3,ADA
346,3400000000,110,170,4,4,ADA
347,3200000000,90,150,3,2,ADA
348,3000000000,110,150,4,3,ADA
349,3200000000,91,210,5,3,ADA
350,3300000000,90,150,3,2,ADA
351,5700000000,190,250,4,3,ADA
352,2100000000,125,188,6,4,ADA
353,4000000000,175,89,3,3,ADA
354,2200000000,220,120,5,3,ADA
355,8500000000,300,234,5,4,ADA
356,1700000000,204,154,5,2,TIDAK ADA
357,10500000000,247,350,5,5,ADA
358,1899000000,135,150,4,2,ADA
359,1500000000,121,90,3,2,TIDAK ADA
360,9000000000,384,399,3,3,ADA
361,3500000000,100,180,5,4,ADA
363,7800000000,261,160,3,4,ADA
364,8000000000,202,200,5,3,ADA
365,8000000000,306,450,5,4,ADA
366,2900000000,135,90,2,1,ADA
367,2950000000,135,125,2,1,TIDAK ADA
368,2600000000,130,80,2,1,TIDAK ADA
369,2500000000,54,105,3,2,ADA
370,2500000000,130,100,3,2,TIDAK ADA
371,2600000000,95,180,4,2,ADA
372,2700000000,142,120,3,2,ADA
373,5000000000,220,100,2,1,TIDAK ADA
374,5900000000,134,340,5,4,ADA
375,3000000000,150,250,3,3,ADA
376,3500000000,118,160,4,4,ADA
377,3200000000,138,128,3,2,ADA
378,5300000000,145,200,3,3,ADA
379,6500000000,150,220,3,3,ADA
380,6000000000,284,300,7,3,ADA
381,3500000000,135,200,3,3,ADA
382,2780000000,120,192,5,4,ADA
383,4900000000,135,215,9,8,TIDAK ADA
384,3800000000,165,160,4,3,ADA
385,4500000000,125,175,3,3,ADA
386,6500000000,230,350,4,4,ADA
387,5500000000,140,300,3,3,ADA
389,3900000000,250,150,4,2,ADA
390,9200000000,700,450,8,4,ADA
391,2200000000,82,150,5,2,ADA
392,2100000000,126,100,2,2,ADA
393,2450000000,135,150,5,2,TIDAK ADA
394,2150000000,135,120,3,2,ADA
395,2300000000,150,130,4,1,TIDAK ADA
396,2000000000,94,120,2,2,TIDAK ADA
397,2250000000,150,130,2,1,TIDAK ADA
398,2000000000,111,100,2,2,ADA
400,22000000000,448,350,6,7,ADA
402,9000000000,353,470,9,6,TIDAK ADA
403,6200000000,138,260,6,5,TIDAK ADA
404,2400000000,149,120,3,2,TIDAK ADA
405,15000000000,387,237,5,4,ADA
406,22000000000,520,300,4,4,ADA
407,2200000000,100,120,3,2,ADA
408,5000000000,150,320,9,5,TIDAK ADA
410,2700000000,87,135,3,2,ADA
411,4595000000,136,170,5,4,ADA
412,1300000000,75,100,3,2,TIDAK ADA
413,12000000000,590,500,10,10,TIDAK ADA
414,21000000000,500,300,4,3,ADA
415,3500000000,100,170,5,3,ADA
416,3900000000,142,179,5,4,ADA
417,25000000000,619,700,5,4,ADA
419,1250000000,312,480,4,2,ADA
420,3900000000,130,230,3,4,ADA
421,3000000000,160,150,5,2,TIDAK ADA
422,12000000000,303,240,6,6,ADA
423,5000000000,210,275,6,5,ADA
424,2300000000,132,150,4,3,ADA
425,9800000000,342,162,5,3,ADA
426,6800000000,428,500,5,4,ADA
427,11000000000,391,600,7,5,ADA
428,11500000000,400,350,9,7,ADA
429,3600000000,163,130,3,2,ADA
430,22500000000,610,700,6,4,ADA
431,9500000000,240,340,7,4,ADA
432,13000000000,322,225,4,3,ADA
433,10000000000,264,300,5,4,TIDAK ADA
434,5500000000,205,117,5,4,TIDAK ADA
435,3500000000,110,90,3,3,ADA
436,3500000000,91,250,4,2,ADA
437,3800000000,113,154,4,4,ADA
438,2800000000,90,250,3,3,ADA
439,13750000000,429,600,6,4,ADA
440,6200000000,150,220,4,4,ADA
441,4600000000,147,200,4,3,ADA
442,12000000000,322,322,4,3,ADA
443,2500000000,78,94,2,2,ADA
444,2500000000,135,160,3,2,ADA
446,6500000000,217,217,3,2,ADA
447,12000000000,700,450,8,4,TIDAK ADA
448,35000000000,469,599,4,3,TIDAK ADA
449,4200000000,143,120,6,3,ADA
450,5500000000,221,200,5,2,ADA
451,3500000000,100,190,6,4,ADA
452,900000000,56,100,3,2,TIDAK ADA
453,3500000000,100,350,4,4,ADA
454,7500000000,288,150,5,3,ADA
456,14000000000,475,200,5,3,TIDAK ADA
457,3500000000,170,210,6,2,ADA
458,4950000000,110,225,5,4,ADA
459,2600000000,91,210,5,3,ADA
460,4200000000,165,200,4,2,TIDAK ADA
461,4200000000,100,150,4,4,TIDAK ADA
462,1300000000,125,332,7,7,TIDAK ADA
463,8500000000,440,550,8,5,ADA
464,8750000000,137,180,4,4,ADA
465,3900000000,130,200,3,3,ADA
466,6100000000,130,390,7,6,ADA
467,2500000000,90,150,3,2,ADA
469,30900000000,670,1000,8,6,ADA
470,55000000000,1075,400,4,3,ADA
471,3500000000,360,225,4,2,ADA
472,3500000000,145,200,8,8,ADA
473,4500000000,200,150,3,2,ADA
474,55000000000,1224,1126,4,4,ADA
476,3200000000,86,150,5,4,ADA
477,6500000000,173,300,4,4,ADA
478,1900000000,135,130,5,2,ADA
479,5990000000,220,350,5,5,ADA
480,5500000000,173,300,4,4,ADA
481,16500000000,361,800,7,5,ADA
482,23000000000,619,700,5,5,ADA
483,4499999744,140,250,5,4,ADA
484,3500000000,135,150,3,3,ADA
485,6000000000,150,220,4,4,ADA
487,4300000000,135,180,4,4,ADA
488,7900000000,225,380,5,4,ADA
489,27000000512,1069,350,4,4,ADA
491,3000000000,132,110,3,2,TIDAK ADA
492,4900000000,170,280,5,4,ADA
493,3700000000,130,130,3,3,ADA
494,2900000000,160,160,3,3,ADA
495,3700000000,89,175,3,3,ADA
496,3600000000,180,100,4,2,ADA
497,2333333000,90,80,2,2,ADA
498,25000000000,271,890,5,6,ADA
499,6500000000,150,275,4,5,ADA
500,6500000000,140,270,3,3,ADA
501,22000000000,520,300,5,4,ADA
502,2850000000,96,102,3,2,ADA
503,30000000000,672,900,5,6,ADA
504,25000000000,565,350,4,4,ADA
505,1250000000,136,120,5,2,TIDAK ADA
506,4000000000,194,194,3,3,ADA
507,6000000000,141,250,4,4,ADA
508,2600000000,154,147,4,3,ADA
509,3500000000,135,126,4,3,TIDAK ADA
512,3950000000,133,260,5,5,ADA
513,2300000000,140,100,3,2,ADA
515,29000000000,672,900,5,6,ADA
516,37000000000,720,500,5,5,ADA
517,8000000000,404,382,6,3,ADA
518,5000000000,127,180,4,4,ADA
519,7200000000,256,200,5,3,ADA
520,17500000000,365,800,5,4,ADA
521,14800000000,310,500,4,4,ADA
522,3750000000,196,196,7,5,ADA
523,6200000000,130,390,7,6,ADA
524,4000000000,160,200,5,4,ADA
525,6200000000,140,251,5,4,ADA
526,8000000000,200,252,4,3,ADA
528,3200000000,80,150,5,5,ADA
529,18500000000,520,300,4,3,ADA
530,18500000000,361,800,5,4,ADA
531,2250000000,135,135,4,4,TIDAK ADA
532,16000000000,246,140,6,6,ADA
533,5999999999,240,240,4,4,ADA
534,8555555555,304,304,3,2,ADA
535,4600000000,135,215,9,8,ADA
536,4700000000,145,222,4,3,ADA
537,2500000000,135,165,4,3,ADA
538,8500000000,256,260,4,3,ADA
539,5100000000,305,200,5,2,ADA
540,8000000000,240,330,5,5,ADA
541,3975000000,226,325,6,5,ADA
542,5800000000,173,340,5,4,ADA
543,5500000000,210,420,6,5,ADA
544,4500000000,154,120,6,4,ADA
545,2700000000,78,94,3,2,ADA
546,4300000000,127,180,4,4,ADA
547,3700000000,90,150,4,4,ADA
548,3800000000,130,200,4,4,ADA
549,2600000000,135,200,10,3,ADA
550,4200000000,225,400,5,4,ADA
551,3600000000,186,200,3,2,TIDAK ADA
552,2150000000,104,100,2,1,TIDAK ADA
553,2600000000,90,120,3,2,ADA
554,22000000000,650,400,7,4,ADA
555,8300000000,306,260,4,3,ADA
556,2990000000,156,162,5,4,ADA
557,3200000000,90,160,3,3,ADA
558,2800000000,90,150,4,3,ADA
559,7500000000,250,350,5,4,ADA
560,6000000000,352,295,6,4,ADA
561,13500000000,430,400,9,4,ADA
562,5000000000,150,320,7,6,ADA
563,6800000000,428,500,6,4,ADA
564,4600000000,137,176,5,4,ADA
565,7000000000,182,300,4,3,ADA
566,3500000000,150,400,5,4,ADA
567,35000000000,1400,1000,10,7,ADA
568,5300000000,199,195,5,2,ADA
570,3500000000,135,190,4,3,ADA
571,2400000000,154,147,2,2,TIDAK ADA
572,3375000000,120,192,5,4,ADA
573,15000000000,400,350,7,4,ADA
574,22000000000,405,300,4,4,TIDAK ADA
575,14000000000,541,400,5,5,ADA
576,23000000000,610,750,6,4,ADA
577,7100000000,256,200,6,3,ADA
578,6000000000,222,325,6,4,ADA
580,3500000000,90,250,3,4,ADA
581,6500000000,338,219,5,3,ADA
582,7000000000,166,210,6,6,ADA
583,6100000000,130,375,6,5,ADA
585,8000000000,350,470,7,6,ADA
586,10000000000,775,674,4,3,TIDAK ADA
587,3700000000,370,400,6,2,TIDAK ADA
588,3000000000,120,192,4,3,ADA
589,8250000000,290,460,6,5,ADA
590,3300000000,179,160,4,2,ADA
591,11000000000,400,500,6,3,ADA
592,7000000000,166,220,4,4,ADA
593,2990000000,156,162,6,4,ADA
594,3600000000,135,125,5,3,ADA
595,2650000000,202,190,4,2,ADA
596,2650000000,202,180,4,2,ADA
597,2700000000,122,200,5,3,ADA
598,22000000000,520,500,5,4,ADA
599,2800000000,98,150,4,3,ADA
600,9200000000,700,450,8,5,ADA
601,6000000000,250,150,4,4,ADA
602,1000000000,128,140,5,3,ADA
603,14800000000,310,500,3,3,ADA
604,7500000000,280,200,5,5,ADA
605,20000000000,547,700,6,5,ADA
606,1999000000,133,125,4,2,ADA
607,1950000000,130,125,4,2,ADA
608,11500000000,208,600,4,5,ADA
610,3100000000,90,140,3,2,ADA
611,4600000000,184,250,4,3,ADA
612,3000000000,135,140,3,2,ADA
613,3200000000,86,120,5,4,ADA
614,15000000000,400,500,9,6,ADA
615,4500000000,140,140,3,2,ADA
616,6800000000,290,480,6,3,ADA
618,3550000000,352,250,5,1,ADA
619,23000000000,498,1000,8,9,ADA
620,4200000000,115,220,4,3,TIDAK ADA
621,9000000000,162,250,4,3,ADA
622,12000000000,404,385,4,3,TIDAK ADA
623,12000000000,198,350,7,5,ADA
624,22000000000,852,600,5,5,ADA
625,3500000000,190,300,6,6,ADA
626,15000000000,385,200,5,5,TIDAK ADA
627,3850000000,224,160,4,3,ADA
628,9800000000,319,759,4,4,ADA
629,8900000000,300,300,5,4,ADA
630,4700000000,102,280,4,3,ADA
631,3050000000,89,173,3,4,ADA
632,5750000000,121,250,4,4,ADA
633,4500000000,110,250,4,3,ADA
634,28000000000,498,750,5,5,ADA
635,6500000000,205,117,5,4,TIDAK ADA
636,13000000000,400,500,6,3,ADA
637,25000000000,565,350,5,5,ADA
638,7300000000,325,500,5,5,ADA
639,2900000000,135,125,5,2,ADA
640,8000000000,278,278,7,3,ADA
641,6250000000,180,240,7,5,TIDAK ADA
642,8750000000,322,300,4,4,ADA
643,5500000000,140,360,4,4,ADA
644,16500000000,550,700,6,6,ADA
645,1100000000,300,63,3,1,ADA
646,15000000000,700,700,5,3,ADA
647,6900000000,125,250,3,2,ADA
648,7500000000,280,500,5,4,ADA
649,5800000000,141,220,4,4,ADA
650,14500000000,307,400,3,3,ADA
651,4500000000,146,200,4,4,ADA
652,17000000000,550,600,5,6,ADA
653,2950000000,134,150,3,2,ADA
654,3000000000,150,150,3,2,ADA
655,2000000000,90,80,2,1,ADA
657,8500000000,325,300,5,3,ADA
658,7000000000,220,280,4,3,ADA
659,9800000000,350,400,4,5,ADA
660,3000000000,90,150,3,2,ADA
661,5500000000,250,200,4,3,ADA
662,4850000000,265,300,4,3,TIDAK ADA
663,3200000000,135,150,5,2,ADA
664,25000000000,619,1080,5,6,ADA
665,6700000000,130,390,7,6,ADA
666,17000000000,606,360,8,3,ADA
667,31000000000,670,1000,6,5,ADA
668,9200000000,695,650,6,8,ADA
669,6900000000,160,250,3,4,ADA
670,3800000000,145,250,8,8,TIDAK ADA
671,3600000000,139,120,5,3,ADA
672,1700000000,90,80,2,2,ADA
673,2900000000,126,133,3,2,ADA
674,1900000000,90,120,3,2,ADA
675,17000000000,608,390,9,3,ADA
676,7000000000,428,500,6,6,ADA
677,3300000000,145,200,8,8,ADA
678,7150000000,162,250,4,3,ADA
679,8500000000,306,283,5,4,ADA
680,600000000,30,60,2,1,TIDAK ADA
681,17000000000,310,450,4,4,ADA
682,2750000000,100,121,4,3,ADA
683,3000000000,124,224,3,3,ADA
684,6500000000,200,300,5,4,ADA
685,5900000000,311,272,4,4,ADA
686,2400000000,154,147,3,2,TIDAK ADA
687,4800000000,226,325,4,4,ADA
688,6500000000,180,250,8,5,ADA
689,6500000000,181,250,8,6,ADA
690,3195000000,135,150,3,3,ADA
692,10000000000,230,380,6,4,TIDAK ADA
693,2200000000,95,226,5,3,ADA
694,29000000000,670,1000,5,5,ADA
696,2700000000,72,72,4,4,TIDAK ADA
697,3000000000,139,100,3,2,ADA
699,7500000000,200,180,5,4,ADA
700,5000000000,217,250,3,3,ADA
701,3250000000,153,300,8,7,ADA
702,3300000000,130,200,9,3,ADA
703,4500000000,180,200,4,3,ADA
705,2800000000,102,150,3,3,ADA
707,2700000000,130,100,5,2,ADA
708,9500000000,189,250,4,3,ADA
709,5500000000,107,147,6,4,ADA
711,1500000000,90,120,3,2,ADA
712,7000000000,428,500,8,6,ADA
713,3500000000,170,210,5,3,ADA
716,1980000000,72,164,4,2,ADA
717,6500000000,125,250,3,3,ADA
718,3500000000,150,178,3,2,ADA
719,1800000000,90,105,3,2,ADA
720,13000000000,248,350,4,4,ADA
721,3100000000,156,225,4,3,ADA
722,4750000000,137,180,4,4,ADA
723,2599000000,90,160,4,2,ADA
724,6250000000,320,200,4,3,ADA
725,3000000000,135,150,3,1,ADA
726,6550000000,270,350,5,4,ADA
728,16000000000,330,525,4,4,ADA
730,7100000256,265,200,6,3,ADA
731,2300000000,135,144,4,2,ADA
732,7500000000,428,500,6,4,ADA
733,5500000000,205,410,4,4,ADA
736,3500000000,90,140,3,3,ADA
737,5900000000,107,140,3,3,ADA
738,3000000000,90,62,5,3,TIDAK ADA
739,30000000000,703,500,8,4,ADA
740,2900000000,137,120,5,2,ADA
741,6000000000,220,350,5,5,ADA
744,3700000000,180,350,4,3,ADA
745,6250000000,150,150,3,3,ADA
746,3700000000,139,150,5,3,ADA
747,7300000000,325,300,5,4,ADA
748,6950000000,190,150,4,4,ADA
749,3400000000,110,190,5,6,ADA
750,3300000000,90,120,3,3,ADA
751,42000000000,624,600,3,3,ADA
752,2700000000,88,170,5,4,TIDAK ADA
753,6700000000,130,390,4,5,ADA
754,12000000000,312,400,4,4,ADA
756,2350000000,130,130,4,3,ADA
757,3400000000,139,100,6,4,ADA
758,3000000000,150,200,5,4,ADA
759,5000000000,150,328,7,6,ADA
760,4000000000,154,250,6,3,ADA
761,2300000000,54,107,3,2,ADA
762,4500000000,180,230,4,4,ADA
763,4400000000,195,200,7,2,ADA
764,4500000000,179,150,3,2,ADA
765,2800000000,130,100,3,2,ADA
766,3800000000,239,178,4,3,ADA
767,15000000000,475,450,5,5,ADA
768,3500000000,101,135,4,2,ADA
770,2900000000,139,100,3,2,ADA
771,10000000000,400,600,4,3,TIDAK ADA
772,4340000000,124,100,3,2,ADA
773,25000000000,535,353,10,10,ADA
774,2900000000,60,150,4,4,ADA
775,3200000000,92,150,4,4,ADA
776,6500000000,311,272,5,5,TIDAK ADA
777,3500000000,172,210,5,2,ADA
778,25000000000,485,550,4,4,ADA
779,7500000000,315,250,3,3,ADA
780,2950000000,133,135,4,3,ADA
781,5500000000,326,225,7,2,TIDAK ADA
782,9000000000,305,350,5,5,ADA
783,2500000000,135,120,4,2,ADA
784,3100000000,90,172,4,3,ADA
785,3500000000,231,200,4,3,ADA
786,12000000000,312,480,4,2,ADA
787,7000000000,187,330,7,4,ADA
788,6500000000,150,148,4,3,ADA
789,4500000000,148,200,4,3,ADA
790,7000000000,253,180,3,2,ADA
791,2300000000,77,140,4,3,ADA
792,8750000000,200,250,5,4,ADA
794,3800000000,186,250,4,3,TIDAK ADA
795,13000000000,208,600,4,5,ADA
796,1800000000,84,90,3,2,TIDAK ADA
797,13500000000,278,350,6,4,TIDAK ADA
798,7100000000,241,280,5,4,ADA
799,8500000000,385,200,5,5,TIDAK ADA
800,3000000000,150,139,3,3,ADA
801,3600000000,135,150,5,3,ADA
802,22000000000,619,700,5,4,ADA
803,750000000,78,100,3,1,TIDAK ADA
806,8500000000,240,245,3,5,ADA
807,25000000000,485,550,5,5,ADA
808,1600000000,90,150,3,2,ADA
809,5500000000,311,424,5,4,ADA
810,8000000000,306,260,5,4,ADA
811,12500000000,312,480,4,2,ADA
812,7500000000,220,350,4,5,ADA
813,3000000000,110,300,4,3,ADA
814,15000000000,260,300,4,3,ADA
815,3900000000,135,220,4,4,ADA
816,6000000000,203,210,5,3,ADA
817,18000000000,450,200,5,3,ADA
818,3000000000,90,150,4,5,ADA
819,5000000000,107,180,6,5,ADA
820,850000000,56,56,4,2,TIDAK ADA
821,2500000000,135,140,4,3,ADA
822,21000000000,520,350,5,4,ADA
823,2900000000,120,150,2,2,TIDAK ADA
825,3000000000,140,160,4,3,ADA
826,30000000000,703,500,7,4,ADA
827,4750000000,150,200,5,5,ADA
828,6900000000,268,400,5,4,ADA
830,6700000000,125,250,3,3,ADA
831,9000000000,300,350,4,4,TIDAK ADA
832,2800000000,110,200,4,3,ADA
833,3000000000,135,180,5,4,ADA
834,4100000000,110,220,4,3,ADA
835,30000000000,750,498,6,6,TIDAK ADA
836,3500000000,149,162,4,2,ADA
837,35000000000,700,800,6,7,ADA
838,22000000000,776,776,4,3,ADA
839,30000000000,498,800,6,6,ADA
840,2000000000,148,128,4,3,ADA
841,25000000000,485,550,5,4,ADA
842,9500000000,386,380,7,4,ADA
843,4600000000,151,250,5,3,ADA
844,6000000000,221,168,5,3,ADA
845,2350000000,80,160,4,3,ADA
846,2600000000,84,140,3,2,ADA
847,9000000000,287,300,4,3,ADA
849,12000000000,270,470,5,4,ADA
850,2700000000,78,90,3,2,TIDAK ADA
851,14500000000,208,600,4,4,ADA
852,3750000000,180,127,4,4,ADA
853,6000000000,225,325,7,5,ADA
854,7500000000,253,150,5,2,TIDAK ADA
855,5200000000,260,300,7,3,ADA
856,4900000000,266,250,3,2,ADA
857,17500000000,724,750,4,2,ADA
859,9000000000,388,300,4,3,ADA
860,6500000000,221,168,5,2,ADA
861,25000000000,1000,600,10,10,ADA
862,6000000000,150,300,5,4,ADA
863,3300000000,90,120,4,4,ADA
864,1100000000,50,100,2,1,TIDAK ADA
865,5000000000,205,410,3,3,ADA
866,2500000000,150,100,3,2,TIDAK ADA
868,3000000000,90,160,4,3,ADA
869,3300000000,110,180,4,4,ADA
870,4400000000,130,250,4,3,ADA
871,4250000000,150,200,5,3,ADA
873,3000000000,90,120,4,4,ADA
874,2500000000,88,140,4,3,TIDAK ADA
875,8800000000,205,150,5,2,ADA
876,5500000000,248,300,5,4,ADA
877,2200000000,100,160,3,2,ADA
878,6000000000,170,250,5,5,ADA
879,7000000000,240,300,4,3,ADA
880,10500000000,345,500,6,4,ADA
881,3500000000,140,335,5,4,TIDAK ADA
882,6000000000,210,350,5,5,ADA
883,3800000000,130,150,3,2,ADA
884,5500000000,140,250,5,3,ADA
885,2500000000,122,200,4,2,ADA
886,7500000000,290,480,5,3,ADA
887,6800000000,130,375,4,5,ADA
888,12500000000,312,480,4,3,ADA
889,9500000000,368,300,5,4,ADA
890,6000000000,200,150,5,4,ADA
891,3500000000,130,240,5,6,ADA
892,9000000000,305,350,4,4,ADA
893,8000000000,178,350,8,6,ADA
894,20000000000,660,440,9,5,ADA
895,9700000000,248,450,5,6,ADA
896,3600000000,130,100,3,3,TIDAK ADA
897,4200000000,120,180,4,3,ADA
898,9000000000,240,350,6,4,ADA
899,950000000,92,130,4,2,TIDAK ADA
900,16450000000,550,700,6,6,TIDAK ADA
901,7500000000,360,320,7,4,TIDAK ADA
902,8700000000,265,375,5,4,ADA
903,3500000000,150,230,5,4,ADA
904,25000000000,932,400,7,5,ADA
905,13000000000,370,800,6,5,ADA
906,3750000000,150,120,2,2,ADA
907,10000000000,750,450,8,6,ADA
908,1600000000,80,80,4,3,ADA
909,4500000000,146,320,5,5,ADA
910,13500000000,256,235,3,2,ADA
911,2000000000,90,100,3,2,ADA
912,9000000000,234,211,7,5,ADA
913,5800000000,170,280,5,4,ADA
914,3200000000,135,160,4,3,ADA
915,2400000000,147,154,3,2,ADA
917,2400000000,101,75,2,1,ADA
918,3100000000,95,150,3,3,ADA
919,11000000000,384,399,4,4,TIDAK ADA
920,28000000000,703,500,8,4,ADA
921,650000000,55,50,2,1,TIDAK ADA
923,2800000000,90,150,3,3,ADA
924,3200000000,90,170,4,4,TIDAK ADA
925,23000000000,610,750,8,6,TIDAK ADA
926,1600000000,80,80,4,3,TIDAK ADA
927,2400000000,130,100,4,2,ADA
928,6000000000,260,450,7,4,TIDAK ADA
929,4500000000,106,251,4,3,ADA
930,3000000000,200,200,4,3,TIDAK ADA
931,2100000000,162,162,3,3,ADA
932,5800000000,141,180,4,3,ADA
933,9300000000,386,385,6,4,ADA
934,2000000000,100,130,3,2,ADA
935,35000000000,600,400,5,3,ADA
936,4000000000,140,200,4,3,ADA
937,6500000000,180,250,8,4,ADA
938,2850000000,135,160,3,2,ADA
939,6800000000,200,300,5,5,ADA
940,3500000000,112,150,3,4,ADA
941,3500000000,110,160,4,4,ADA
942,10500000000,457,800,7,5,ADA
943,12500000009,312,480,6,4,ADA
944,5500000000,250,265,4,3,ADA
945,5700000000,162,250,4,4,ADA
946,26000000000,485,550,4,3,ADA
947,3000000000,160,90,5,4,ADA
948,9500000000,380,385,5,4,ADA
949,3750000000,110,160,3,3,ADA
950,3600000000,340,150,6,4,TIDAK ADA
951,6500000000,89,170,3,3,ADA
952,7500000000,325,300,5,4,ADA
953,2500000000,60,120,3,4,ADA
954,3900000000,130,200,5,4,ADA
955,16000000000,310,450,5,5,ADA
956,18000000000,538,300,5,5,TIDAK ADA
957,18500000000,360,330,7,7,TIDAK ADA
958,3999999999,130,200,4,3,ADA
959,5800000000,141,170,4,3,ADA
960,3900000000,100,170,5,3,ADA
961,3100000000,103,180,3,3,ADA
962,3000000000,139,150,3,3,ADA
963,14000000000,393,440,6,6,ADA
964,13500000000,394,352,6,4,ADA
965,4000000000,135,200,4,3,ADA
966,3500000000,90,120,3,2,ADA
967,4300000000,180,300,5,4,ADA
968,3900000000,154,180,4,3,ADA
969,19000000512,361,800,5,5,ADA
970,2750000000,91,210,5,4,ADA
971,2900000000,134,175,5,2,ADA
972,9500000000,345,500,8,5,ADA
973,23000000000,987,700,4,4,ADA
974,21000000000,547,700,4,4,ADA
975,2600000000,90,150,3,2,TIDAK ADA
976,4000000000,220,200,7,3,ADA
977,22900000000,650,700,3,3,ADA
978,4000000000,105,180,5,4,ADA
979,3200000000,86,137,4,2,ADA
980,2600000000,93,160,4,4,ADA
981,6300000000,180,250,4,3,ADA
982,3400000000,110,160,3,3,ADA
983,3250000000,90,200,4,3,ADA
984,3000000000,95,150,4,4,ADA
985,4100000000,155,180,4,3,ADA
986,6500000000,160,130,4,1,ADA
987,1800000000,100,90,2,1,TIDAK ADA
988,3500000000,135,150,4,3,ADA
990,3000000000,125,200,2,2,ADA
991,2150000000,135,128,3,2,ADA
992,3000000000,90,200,3,2,ADA
993,3250000000,104,120,4,3,ADA
994,1750000000,90,85,2,1,ADA
996,3800000000,145,200,8,8,ADA
997,2500000000,100,120,3,2,ADA
998,4200000000,206,250,5,4,ADA
999,1100000000,70,70,2,1,TIDAK ADA
1000,950000000,60,100,3,1,TIDAK ADA
1001,4500000000,90,128,3,3,ADA
1002,7000000000,110,150,4,3,ADA
1003,600000000,30,60,2,2,TIDAK ADA
1004,2600000000,140,100,3,2,ADA
1005,9000000000,550,450,10,10,ADA
1006,4000000000,140,160,4,3,ADA
1008,19000000000,606,360,7,4,TIDAK ADA
1009,10500000000,430,420,7,4,ADA
